-- phpMyAdmin SQL Dump
-- version 4.6.6deb5
-- https://www.phpmyadmin.net/
--
-- Host: localhost:3306
-- Generation Time: Sep 17, 2019 at 11:05 PM
-- Server version: 5.7.27-0ubuntu0.18.04.1
-- PHP Version: 7.2.19-0ubuntu0.18.04.2

SET SQL_MODE = "NO_AUTO_VALUE_ON_ZERO";
SET time_zone = "+00:00";


/*!40101 SET @OLD_CHARACTER_SET_CLIENT=@@CHARACTER_SET_CLIENT */;
/*!40101 SET @OLD_CHARACTER_SET_RESULTS=@@CHARACTER_SET_RESULTS */;
/*!40101 SET @OLD_COLLATION_CONNECTION=@@COLLATION_CONNECTION */;
/*!40101 SET NAMES utf8mb4 */;

--
-- Database: `mega_pool`
--

-- --------------------------------------------------------

--
-- Table structure for table `admin_config`
--

CREATE TABLE `admin_config` (
  `admin_id` int(11) NOT NULL,
  `profile_name` varchar(255) DEFAULT NULL,
  `login_email` varchar(255) NOT NULL,
  `login_password` varchar(255) NOT NULL,
  `admin_session_id` varchar(255) DEFAULT NULL,
  `last_login` datetime NOT NULL,
  `current_status` enum('1','2','3') NOT NULL DEFAULT '1' COMMENT '1=active,2=inactive,3=removed'
) ENGINE=InnoDB DEFAULT CHARSET=latin1;

--
-- Dumping data for table `admin_config`
--

INSERT INTO `admin_config` (`admin_id`, `profile_name`, `login_email`, `login_password`, `admin_session_id`, `last_login`, `current_status`) VALUES
(2, 'Debasish Paul', 'admin@admin.com', 'e10adc3949ba59abbe56e057f20f883e', '995d975a5fefa833b111964ee31224be20479c788fb27378c2c99eadcf207e7f', '2019-09-15 07:14:09', '1');

-- --------------------------------------------------------

--
-- Table structure for table `leagues_master`
--

CREATE TABLE `leagues_master` (
  `league_id` int(11) NOT NULL,
  `related_sport_id` int(11) DEFAULT NULL,
  `league_title` varchar(255) DEFAULT NULL,
  `league_description` blob,
  `league_logo` varchar(255) DEFAULT NULL,
  `created_by` int(11) DEFAULT NULL,
  `created_on` datetime DEFAULT CURRENT_TIMESTAMP,
  `last_modified_on` datetime DEFAULT NULL,
  `league_status` enum('1','2','3') NOT NULL DEFAULT '1' COMMENT '1=active,2=inactive,3=removed'
) ENGINE=InnoDB DEFAULT CHARSET=latin1;

--
-- Dumping data for table `leagues_master`
--

INSERT INTO `leagues_master` (`league_id`, `related_sport_id`, `league_title`, `league_description`, `league_logo`, `created_by`, `created_on`, `last_modified_on`, `league_status`) VALUES
(1, 5, 'MLB', 0x4d616a6f72204c6561677565204261736562616c6c20284d4c422920697320612070726f66657373696f6e616c206261736562616c6c206f7267616e697a6174696f6e2c20616e6420746865206f6c64657374206f6620746865206d616a6f722070726f66657373696f6e616c2073706f727473206c65616775657320696e2074686520556e697465642053746174657320616e642043616e6164612e204120746f74616c206f66203330207465616d7320706c617920696e20746865204e6174696f6e616c204c656167756520284e4c2920616e6420416d65726963616e204c65616775652028414c292c2077697468203135207465616d7320696e2065616368206c65616775652e20546865204e4c20616e6420414c207765726520666f726d6564206173207365706172617465206c6567616c20656e74697469657320696e203138373620616e6420313930312c20726573706563746976656c792e20416674657220636f6f7065726174696e67206275742072656d61696e696e67206c6567616c6c7920736570617261746520656e74697469657320626567696e6e696e6720696e20313930332c20746865206c656167756573206d657267656420696e746f20612073696e676c65206f7267616e697a6174696f6e206c65642062792074686520436f6d6d697373696f6e6572206f66204261736562616c6c20696e20323030302e5b385d5b395d20546865206f7267616e697a6174696f6e20616c736f206f76657273656573204d696e6f72204c6561677565204261736562616c6c2c20776869636820636f6d70726973657320323536207465616d7320616666696c6961746564207769746820746865204d616a6f72204c656167756520636c7562732e20576974682074686520576f726c64204261736562616c6c20536f667462616c6c20436f6e66656465726174696f6e2c204d4c42206d616e616765732074686520696e7465726e6174696f6e616c20576f726c64204261736562616c6c20436c617373696320746f75726e616d656e742e, '12e3efdae0182e153495768f5af2c178.png', 1, '2019-08-28 22:52:45', '2019-08-28 10:54:31', '1'),
(2, 1, 'Premier League', 0x546865205072656d696572204c656167756520286f6674656e20726566657272656420746f2061732074686520456e676c697368205072656d696572204c6561677565206f72207468652045504c206f75747369646520456e676c616e64292069732074686520746f70206c6576656c206f662074686520456e676c69736820666f6f7462616c6c206c65616775652073797374656d2e20436f6e74657374656420627920323020636c7562732c206974206f70657261746573206f6e20612073797374656d206f662070726f6d6f74696f6e20616e642072656c65676174696f6e20776974682074686520456e676c69736820466f6f7462616c6c204c6561677565202845464c292e0d0a0d0a546865205072656d696572204c6561677565206973206120636f72706f726174696f6e20696e20776869636820746865206d656d62657220636c75627320616374206173207368617265686f6c646572732e20536561736f6e732072756e2066726f6d2041756775737420746f204d617920776974682065616368207465616d20706c6179696e67203338206d6174636865732028706c6179696e6720616c6c203139206f74686572207465616d7320626f746820686f6d6520616e642061776179292e5b315d204d6f73742067616d65732061726520706c61796564206f6e20536174757264617920616e642053756e6461792061667465726e6f6f6e732e20546865205072656d696572204c65616775652068617320666561747572656420343720456e676c69736820616e642074776f2057656c736820636c7562732073696e63652069747320696e63657074696f6e2c206d616b696e6720697420612063726f73732d626f72646572206c65616775652e, '5277078360dd4db471d42e4079e2ab8d.png', 1, '2019-08-28 22:57:20', NULL, '1'),
(3, 1, 'UEFA Champions League', 0x5468652055454641204368616d70696f6e73204c6561677565202861626272657669617465642061732055434c2920697320616e20616e6e75616c20636c756220666f6f7462616c6c20636f6d7065746974696f6e206f7267616e697365642062792074686520556e696f6e206f66204575726f7065616e20466f6f7462616c6c204173736f63696174696f6e732028554546412920616e6420636f6e74657374656420627920746f702d6469766973696f6e204575726f7065616e20636c7562732c206465636964696e67207468652062657374207465616d20696e204575726f70652e204974206973206f6e65206f6620746865206d6f73742070726573746967696f757320746f75726e616d656e747320696e2074686520776f726c6420616e6420746865206d6f73742070726573746967696f757320636c756220636f6d7065746974696f6e20696e204575726f7065616e20666f6f7462616c6c2c20706c6179656420627920746865206e6174696f6e616c206c6561677565206368616d70696f6e732028616e642c20666f7220736f6d65206e6174696f6e732c206f6e65206f72206d6f72652072756e6e6572732d757029206f6620746865207374726f6e676573742055454641206e6174696f6e616c206173736f63696174696f6e732e0d0a0d0a496e74726f647563656420696e203139353520617320746865204575726f7065616e204368616d70696f6e20436c75627327204375702c206d6f726520636f6d6d6f6e6c79206b6e6f776e20617320746865204575726f7065616e204375702c2069742077617320696e697469616c6c792061207374726169676874206b6e6f636b6f757420746f75726e616d656e74206f70656e206f6e6c7920746f20746865206368616d70696f6e20636c7562206f662065616368206e6174696f6e616c206368616d70696f6e736869702e2054686520636f6d7065746974696f6e20746f6f6b206f6e206974732063757272656e74206e616d6520696e20313939322c20616464696e67206120726f756e642d726f62696e2067726f757020737461676520616e6420616c6c6f77696e67206d756c7469706c6520656e7472616e74732066726f6d206365727461696e20636f756e74726965732e5b315d204974206861732073696e6365206265656e20657870616e6465642c20616e64207768696c65206d6f7374206f66204575726f70652773206e6174696f6e616c206c6561677565732063616e207374696c6c206f6e6c7920656e746572207468656972206368616d70696f6e2c20746865207374726f6e67657374206c656167756573206e6f772070726f7669646520757020746f2066697665207465616d732e5b325d5b335d20436c75627320746861742066696e697368206e6578742d696e2d6c696e6520696e207468656972206e6174696f6e616c206c65616775652c20686176696e67206e6f74207175616c696669656420666f7220746865204368616d70696f6e73204c65616775652c2061726520656c696769626c6520666f7220746865207365636f6e642d746965722055454641204575726f7061204c656167756520636f6d7065746974696f6e2e2028426567696e6e696e6720696e20323032312c20554546412077696c6c20686f6c6420612074686972642d7469657220636f6d7065746974696f6e2063616c6c65642055454641204575726f7061204c656167756520322c2077686963682077696c6c20626520636f6d706f736564206f66207465616d73206e6f7420656c696769626c6520666f72207468652055454641204575726f7061204c65616775652e5b345d29, 'ab0b242f39ddd6ba7fc522feec2448ad.png', 1, '2019-08-28 22:58:20', NULL, '1'),
(4, 1, 'Indian Premier League', 0x54686520496e6469616e205072656d696572204c6561677565202849504c2920697320612070726f66657373696f6e616c205477656e7479323020637269636b6574206c656167756520696e20496e64696120636f6e74657374656420647572696e67204d61726368206f7220417072696c20616e64204d6179206f662065766572792079656172206279206569676874207465616d7320726570726573656e74696e6720656967687420646966666572656e742063697469657320696e20496e6469612e5b335d20546865206c65616775652077617320666f756e6465642062792074686520426f617264206f6620436f6e74726f6c20666f7220437269636b657420696e20496e6469612028424343492920696e20323030382e2049504c2068617320616e206578636c75736976652077696e646f7720696e204943432046757475726520546f7572732050726f6772616d6d652e5b345d0d0a0d0a5468652049504c20697320746865206d6f73742d617474656e64656420637269636b6574206c656167756520696e2074686520776f726c6420616e6420696e20323031342072616e6b6564207369787468206279206176657261676520617474656e64616e636520616d6f6e6720616c6c2073706f727473206c6561677565732e5b355d20496e20323031302c207468652049504c20626563616d65207468652066697273742073706f7274696e67206576656e7420696e2074686520776f726c6420746f2062652062726f616463617374206c697665206f6e20596f75547562652e5b365d5b375d20546865206272616e642076616c7565206f662049504c20696e20323031382077617320555324362e332062696c6c696f6e2c206163636f7264696e6720746f20447566662026205068656c70732e5b385d204163636f7264696e6720746f20424343492c2074686520323031352049504c20736561736f6e20636f6e747269627574656420e282b931312e352062696c6c696f6e20746f2074686520474450206f662074686520496e6469616e2065636f6e6f6d792e5b395d, '2f73f255984df164b5a11e86d9b8fc62.png', 1, '2019-08-28 22:59:34', NULL, '1'),
(5, 4, 'NCAA Division I', 0x4e434141204469766973696f6e20492028442d4929206973207468652068696768657374206c6576656c206f6620696e746572636f6c6c656769617465206174686c65746963732073616e6374696f6e656420627920746865204e6174696f6e616c20436f6c6c656769617465204174686c65746963204173736f63696174696f6e20284e4341412920696e2074686520556e69746564205374617465732e20442d49207363686f6f6c7320696e636c75646520746865206d616a6f7220636f6c6c656769617465206174686c6574696320706f776572732c2077697468206c617267657220627564676574732c206d6f726520656c61626f7261746520666163696c697469657320616e64206d6f7265206174686c65746963207363686f6c61727368697073207468616e204469766973696f6e7320494920616e64204949492061732077656c6c206173206d616e7920736d616c6c6572207363686f6f6c7320636f6d6d697474656420746f207468652068696768657374206c6576656c206f6620696e746572636f6c6c65676961746520636f6d7065746974696f6e2e0d0a0d0a54686973206c6576656c20776173206f6e63652063616c6c65642074686520556e6976657273697479204469766973696f6e206f6620746865204e4341412c20696e20636f6e747261737420746f20746865206c6f776572206c6576656c20436f6c6c656765204469766973696f6e3b207468657365207465726d732077657265207265706c616365642077697468206e756d65726963206469766973696f6e7320696e20313937332e2054686520556e6976657273697479204469766973696f6e207761732072656e616d6564204469766973696f6e20492c207768696c652074686520436f6c6c656765204469766973696f6e207761732073706c697420696e2074776f3b2074686520436f6c6c656765204469766973696f6e206d656d626572732074686174206f666665726564207363686f6c61727368697073206f722077616e74656420746f20636f6d7065746520616761696e73742074686f73652077686f2064696420626563616d65204469766973696f6e2049492c207768696c652074686f73652077686f20646964206e6f742077616e7420746f206f66666572207363686f6c6172736869707320626563616d65204469766973696f6e204949492e5b315d0d0a0d0a466f72207468652032303134e280933135207363686f6f6c20796561722c204469766973696f6e204920636f6e7461696e656420333435206f6620746865204e434141277320312c303636206d656d62657220696e737469747574696f6e732c20776974682031323520696e2074686520466f6f7462616c6c20426f776c205375626469766973696f6e2028464253292c2031323520696e2074686520466f6f7462616c6c204368616d70696f6e73686970205375626469766973696f6e2028464353292c20616e64203935206e6f6e2d666f6f7462616c6c207363686f6f6c732c207769746820736978206164646974696f6e616c207363686f6f6c7320696e20746865207472616e736974696f6e2066726f6d204469766973696f6e20494920746f204469766973696f6e20492e5b325d5b335d205468657265207761732061206d6f7261746f7269756d206f6e20616e79206164646974696f6e616c206d6f76656d656e7420757020746f20442d4920756e74696c20323031322c20616674657220776869636820616e79207363686f6f6c20746861742077616e747320746f206d6f766520746f20442d49206d75737420626520616363657074656420666f72206d656d62657273686970206279206120636f6e666572656e636520616e642073686f7720746865204e43414120697420686173207468652066696e616e6369616c206162696c69747920746f20737570706f7274206120442d492070726f6772616d2e, 'b49994c9e045ddde1e2266f49cc67827.png', 1, '2019-08-28 23:01:13', NULL, '1'),
(6, 1, 'Bundesliga', 0x5468652042756e6465736c69676120284765726d616e3a205bcb8862ca8a6e64c99973cb8c6c69cb90c9a1615d202841626f7574207468697320736f756e646c697374656e293b206c69742ee2808920274665646572616c204c6561677565272c20736f6d6574696d657320726566657272656420746f20617320646965204675c39f62616c6c2d42756e6465736c696761205bcb8c6675cb907362616c2d5d206f7220312e2042756e6465736c696761205bcb8c65cb90c990ccaf7374c9992d5d2920697320612070726f66657373696f6e616c206173736f63696174696f6e20666f6f7462616c6c206c656167756520696e204765726d616e7920616e642074686520666f6f7462616c6c206c656167756520776974682074686520686967686573742061766572616765207374616469756d20617474656e64616e636520776f726c64776964652e2041742074686520746f70206f6620746865204765726d616e20666f6f7462616c6c206c65616775652073797374656d2c207468652042756e6465736c696761206973204765726d616e792773207072696d61727920666f6f7462616c6c20636f6d7065746974696f6e2e205468652042756e6465736c69676120636f6d707269736573203138207465616d7320616e64206f70657261746573206f6e20612073797374656d206f662070726f6d6f74696f6e20616e642072656c65676174696f6e20776974682074686520322e2042756e6465736c6967612e20536561736f6e732072756e2066726f6d2041756775737420746f204d61792e204d6f73742067616d65732061726520706c61796564206f6e2053617475726461797320616e642053756e646179732c20776974682061206665772067616d657320706c61796564206f6e207765656b646179732e20416c6c206f66207468652042756e6465736c69676120636c756273207175616c69667920666f7220746865204446422d506f6b616c2e205468652077696e6e6572206f66207468652042756e6465736c696761207175616c696669657320666f72207468652044464c2d53757065726375702e, 'b8915df038ba559d4cb59d9c3520f397.png', 1, '2019-08-28 23:01:59', NULL, '1'),
(7, 1, 'National Football League', 0x546865204e6174696f6e616c20466f6f7462616c6c204c656167756520284e464c2920697320612070726f66657373696f6e616c20416d65726963616e20666f6f7462616c6c206c656167756520636f6e73697374696e67206f66203332207465616d732c206469766964656420657175616c6c79206265747765656e20746865204e6174696f6e616c20466f6f7462616c6c20436f6e666572656e636520284e46432920616e642074686520416d65726963616e20466f6f7462616c6c20436f6e666572656e63652028414643292e20546865204e464c206973206f6e65206f662074686520666f7572206d616a6f722070726f66657373696f6e616c2073706f727473206c65616775657320696e204e6f72746820416d657269636120616e642074686520686967686573742070726f66657373696f6e616c206c6576656c206f6620416d65726963616e20666f6f7462616c6c20696e2074686520776f726c642e5b335d20546865204e464c27732031372d7765656b20726567756c617220736561736f6e2072756e732066726f6d206561726c792053657074656d62657220746f206c61746520446563656d6265722c20776974682065616368207465616d20706c6179696e672031362067616d657320616e6420686176696e67206f6e6520627965207765656b2e20466f6c6c6f77696e672074686520636f6e636c7573696f6e206f662074686520726567756c617220736561736f6e2c20736978207465616d732066726f6d206561636820636f6e666572656e63652028666f7572206469766973696f6e2077696e6e65727320616e642074776f2077696c642063617264207465616d732920616476616e636520746f2074686520706c61796f6666732c20612073696e676c652d656c696d696e6174696f6e20746f75726e616d656e742063756c6d696e6174696e6720696e2074686520537570657220426f776c2c20776869636820697320757375616c6c792068656c64206f6e207468652066697273742053756e64617920696e20466562727561727920616e6420697320706c61796564206265747765656e20746865206368616d70696f6e73206f6620746865204e464320616e64204146432e, 'ef02366c95e15818df69931d6a22c0ac.png', 1, '2019-08-28 23:03:30', NULL, '1'),
(8, 5, 'Nippon Professional Baseball', 0x4e6970706f6e2050726f66657373696f6e616c204261736562616c6c2028e697a5e69cace9878ee79083e6a99fe6a78b204e6970706f6e2059616b79c5ab204b696bc58d29206f72204e5042206973207468652068696768657374206c6576656c206f66206261736562616c6c20696e204a6170616e2e204c6f63616c6c792c206974206973206f6674656e2063616c6c6564205075726f2059616b79c5ab2028e38397e383ade9878ee79083292c206d65616e696e672050726f66657373696f6e616c204261736562616c6c2e204f757473696465204a6170616e2c206974206973206f6674656e206a75737420726566657272656420746f20617320224a6170616e657365206261736562616c6c222e2054686520726f6f7473206f6620746865206c65616775652063616e20626520747261636564206261636b20746f2074686520666f726d6174696f6e206f6620746865202247726561746572204a6170616e20546f6b796f204261736562616c6c20436c7562222028e5a4a7e697a5e69cace69db1e4baace9878ee79083e580b6e6a5bde983a8204461692d4e6970706f6e2054c58d6b79c58d2059616b79c5ab204b75726162752920696e20546f6b796f2c20666f756e646564203139333420616e6420746865206f726967696e616c206369726375697420666f72207468652073706f727420696e2074686520456d706972652074776f207965617273206c6174657220e28093204a6170616e657365204261736562616c6c204c6561677565202831393336e2809331393439292c20616e6420636f6e74696e75656420746f20706c6179206576656e207468726f756768207468652066696e616c207965617273206f662074686520576f726c64205761722049492e0d0a0d0a546865206e6577204e504220666f72204a6170616e2077617320666f726d6564207768656e20746861742073706f727473206f7267616e697a6174696f6e2072656f7267616e697a656420696e20313935302077697468206372656174696e67206974732074776f206c656167756573207769746820736978207465616d732065616368206f66207468652043656e7472616c204c656167756520616e64207468652050616369666963204c6561677565207769746820616e20616e6e75616c20736561736f6e20656e64696e67204a6170616e20536572696573206368616d70696f6e7368697020706c61792d6f666620736572696573206f662067616d6573207374617274696e672074686174207965617220666f7220746865204a5042206f6e20746865206c696e6573206f662074686520416d65726963616e20576f726c642053657269657320746f75726e616d656e74202873696e63652031393033292e, '4b42385b98be90de82d2433af857c2a0.png', 1, '2019-08-28 23:04:44', NULL, '1'),
(9, 7, 'National Hockey League', 0x546865204e6174696f6e616c20486f636b6579204c656167756520284e484c3b204672656e63683a204c69677565206e6174696f6e616c6520646520686f636b6579e280944c4e482920697320612070726f66657373696f6e616c2069636520686f636b6579206c656167756520696e204e6f72746820416d65726963612c2063757272656e746c7920636f6d70726973696e67203331207465616d733a20323420696e2074686520556e697465642053746174657320616e64203720696e2043616e6164612e20546865204e484c20697320636f6e7369646572656420746f20626520746865207072656d6965722070726f66657373696f6e616c2069636520686f636b6579206c656167756520696e2074686520776f726c642c5b335d20616e64206f6e65206f6620746865206d616a6f722070726f66657373696f6e616c2073706f727473206c65616775657320696e2074686520556e697465642053746174657320616e642043616e6164612e20546865205374616e6c6579204375702c20746865206f6c646573742070726f66657373696f6e616c2073706f7274732074726f70687920696e204e6f72746820416d65726963612c5b345d206973206177617264656420616e6e75616c6c7920746f20746865206c656167756520706c61796f6666206368616d70696f6e2061742074686520656e64206f66206561636820736561736f6e2e0d0a0d0a546865204e6174696f6e616c20486f636b6579204c656167756520776173206f7267616e697a6564206f6e204e6f76656d6265722032362c20313931372c206174207468652057696e64736f7220486f74656c20696e204d6f6e747265616c206166746572207468652073757370656e73696f6e206f66206f7065726174696f6e73206f6620697473207072656465636573736f72206f7267616e697a6174696f6e2c20746865204e6174696f6e616c20486f636b6579204173736f63696174696f6e20284e4841292c20776869636820686164206265656e20666f756e64656420696e203139303920696e2052656e667265772c204f6e746172696f2e5b355d20546865204e484c20696d6d6564696174656c7920746f6f6b20746865204e4841277320706c616365206173206f6e65206f6620746865206c656167756573207468617420636f6e74657374656420666f7220746865205374616e6c65792043757020696e20616e20616e6e75616c20696e7465726c656167756520636f6d7065746974696f6e206265666f7265206120736572696573206f66206c6561677565206d65726765727320616e6420666f6c6473206c65667420746865204e484c20617320746865206f6e6c79206c6561677565206c65667420636f6d706574696e6720666f7220746865205374616e6c65792043757020696e20313932362e, '997620bcbc84c2f5e1224a846b0b7ffe.png', 1, '2019-08-28 23:06:38', NULL, '1'),
(10, 7, 'Canadian Women\'s Hockey League', 0x5468652043616e616469616e20576f6d656e277320486f636b6579204c656167756520284357484c2920776173206120776f6d656e27732069636520686f636b6579206c65616775652e2045737461626c697368656420696e203230303720617320612043616e616469616e20776f6d656e27732073656e696f72206c656167756520696e20746865204772656174657220546f726f6e746f20417265612c204d6f6e747265616c2c20616e64204f74746177612c20746865206c6561677565206576656e7475616c6c7920657870616e64656420696e746f20416c62657274612c2061732077656c6c206173207465616d7320696e204368696e6120616e642074686520556e6974656420537461746573207468726f7567686f7574206974732074656e7572652e20546865206c656167756520646973636f6e74696e756564206f7065726174696f6e73204d617920312c20323031392c20616674657220313220736561736f6e73206f66206f7065726174696f6e732e5b325d20466f72206d6f7374206f6620697473206578697374656e63652c20697420776173207468652068696768657374206c6576656c20776f6d656e277320686f636b6579206c656167756520696e204e6f72746820416d6572696361207768696c65207265676973746572656420617320616e20616d6174657572206173736f63696174696f6e2e20497420706169642069747320706c617965727320612073746970656e6420647572696e6720697473206c6173742074776f20736561736f6e732e, '26e886221fd572a0f6ecd55db82c14ee.png', 1, '2019-08-28 23:07:13', NULL, '1'),
(11, 7, 'Hockey Canada', 0x486f636b65792043616e6164612c207768696368206d65726765642077697468207468652043616e616469616e20416d617465757220486f636b6579204173736f63696174696f6e20696e20313939342c20697320746865206e6174696f6e616c20676f7665726e696e6720626f6479206f662069636520686f636b657920616e642069636520736c6564676520686f636b657920696e2043616e61646120616e642069732061206d656d626572206f662074686520496e7465726e6174696f6e616c2049636520486f636b65792046656465726174696f6e2e20486f636b65792043616e61646120636f6e74726f6c732061206d616a6f72697479206f662069636520686f636b657920696e2043616e6164612e5b315d5b325d2054686572652061726520736f6d65206e6f7461626c6520657863657074696f6e732c2073756368206173207468652043616e616469616e20486f636b6579204c656167756520616e6420552053706f7274732028666f726d65726c79206b6e6f776e2061732043616e616469616e20496e746572756e69766572736974792053706f7274292077686f2061726520706172746e65726564207769746820486f636b65792043616e6164612c2062757420617265206e6f74206d656d626572732c2061732077656c6c20617320616e79206f662043616e61646127732070726f66657373696f6e616c20686f636b657920636c7562732e20486f636b65792043616e61646120697320626173656420696e2043616c676172792c20416c626572746120776974682061207365636f6e64617279206f666669636520696e204f74746177612c204f6e746172696f20616e6420726567696f6e616c2063656e7472657320696e20546f726f6e746f2c204f6e746172696f20616e64204d6f6e747265616c2c205175656265632e, 'be39edea96bbcdfcc3789be5cebb6b67.png', 1, '2019-08-28 23:07:42', NULL, '1'),
(12, 3, 'Canadian Hockey League', 0x5468652043616e616469616e20486f636b6579204c6561677565202843484c3b204672656e63683a204c696775652063616e616469656e6e6520646520686f636b657920e28092204c43482920697320616e20756d6272656c6c61206f7267616e697a6174696f6e207468617420726570726573656e7473207468652074687265652043616e6164612d6261736564206d616a6f72206a756e696f722069636520686f636b6579206c6561677565732e205468652043484c2077617320666f756e64656420696e2031393735206173207468652043616e616469616e204d616a6f72204a756e696f7220486f636b6579204c65616775652c5b315d20616e6420697320636f6d706f736564206f6620697473207468726565206d656d626572206c6561677565732c20746865205765737465726e20486f636b6579204c65616775652c204f6e746172696f20486f636b6579204c65616775652c20616e6420517565626563204d616a6f72204a756e696f7220486f636b6579204c65616775652e20466f722074686520323031382d313920736561736f6e2c20697473207468726565206c65616775657320616e64203630207465616d7320726570726573656e74206e696e652043616e616469616e2070726f76696e63657320283532207465616d73292061732077656c6c20617320666f757220416d65726963616e20737461746573202838207465616d73292e0d0a0d0a5468652043484c207363686564756c652063756c6d696e6174657320696e20746865204d656d6f7269616c2043757020746f75726e616d656e742c20776869636820736565732065616368206f6620746865207468726565206c6561677565206368616d70696f6e732c2061732077656c6c206173206120686f7374207465616d2c20706c6179206120726f756e642d726f62696e20746f75726e616d656e7420746f2064657465726d696e652061206e6174696f6e616c206368616d70696f6e2e205468652043484c20616c736f20686f737473207468652043484c2f4e484c20546f702050726f7370656374732047616d652c20666f722074686520746f7020647261667420656c696769626c6520706c617965727320696e20746865206c65616775652c2061732077656c6c206173207468652043484c2043616e6164612f527573736961205365726965732c2061207369782d67616d6520616c6c2d737461722065786869626974696f6e2073657269657320616761696e73742061207465616d206f66205275737369616e206a756e696f72732e205468652063757272656e7420707265736964656e74206973204461766964204272616e63682c20616e642047696c6c657320436f75727465617520616e6420526f6e20526f6269736f6e2061726520766963652d707265736964656e74732e20496e2053657074656d62657220323031392c2044616e204d61634b656e7a6965206973207363686564756c656420746f2074616b65206f76657220617320746865206e65772066756c6c2d74696d6520707265736964656e742e, '3b0d5a85c33b455f4a340e6d28929baf.png', 1, '2019-08-28 23:08:43', NULL, '1'),
(13, 3, 'American Hockey League', 0x54686520416d65726963616e20486f636b6579204c6561677565202841484c2920697320612070726f66657373696f6e616c2069636520686f636b6579206c656167756520626173656420696e2074686520556e697465642053746174657320616e642043616e61646120746861742073657276657320617320746865207072696d61727920646576656c6f706d656e74616c206c656167756520666f7220746865204e6174696f6e616c20486f636b6579204c656167756520284e484c292e5b325d2053696e6365207468652032303130e28093313120736561736f6e2c206576657279207465616d20696e20746865206c65616775652068617320616e20616666696c696174696f6e2061677265656d656e742077697468206f6e65204e484c207465616d2e205768656e204e484c207465616d7320646f206e6f74206861766520616e2041484c20616666696c696174652c20706c6179657273206172652061737369676e656420746f2041484c207465616d7320616666696c69617465642077697468206f74686572204e484c207465616d732e205477656e74792d736576656e2041484c207465616d7320617265206c6f636174656420696e2074686520556e697465642053746174657320616e64207468652072656d61696e696e6720666f75722061726520696e2043616e6164612e20546865206c6561677565206f66666963657320617265206c6f636174656420696e20537072696e676669656c642c204d6173736163687573657474732c20616e64206974732063757272656e7420707265736964656e7420697320446176696420416e64726577732e0d0a0d0a496e2067656e6572616c2c206120706c61796572206d757374206265206174206c65617374203138207965617273206f662061676520746f20706c617920696e207468652041484c206f72206e6f742063757272656e746c79206265206265686f6c64656e20746f2061206a756e696f722069636520686f636b6579207465616d2e20546865206c6561677565206c696d69747320746865206e756d626572206f6620657870657269656e6365642070726f66657373696f6e616c20706c6179657273206f6e2061207465616d27732061637469766520726f7374657220647572696e6720616e7920676976656e2067616d653b206f6e6c79206669766520736b61746572732063616e206861766520616363756d756c6174656420666f75722066756c6c20736561736f6e73206f6620706c6179206f72206d6f7265206174207468652070726f66657373696f6e616c206c6576656c2028676f616c74656e6465727320617265206578656d70742066726f6d20746869732072756c6520616e642063616e207374617920696e207468652041484c20696e646566696e6974656c7920776974686f7574206265696e67207375626a65637420746f207468697320636170292e5b335d205468652041484c20616c6c6f777320666f7220707261637469636520737175616420636f6e7472616374732e5b345d, '16ba6107bdbe1da2c3deaa0bc50e5c6f.png', 1, '2019-08-28 23:09:15', '2019-09-01 08:27:56', '1'),
(14, 3, 'ECHL', 0x546865204543484c2028666f726d65726c7920746865204561737420436f61737420486f636b6579204c6561677565292069732061206d69642d6c6576656c2070726f66657373696f6e616c2069636520686f636b6579206c656167756520626173656420696e205072696e6365746f6e2c204e6577204a65727365792c2077697468207465616d7320736361747465726564206163726f73732074686520556e697465642053746174657320616e642074776f206672616e63686973657320696e2043616e6164612e204974206973206120746965722062656c6f772074686520416d65726963616e20486f636b6579204c65616775652e0d0a0d0a546865204543484c20616e64207468652041484c2061726520746865206f6e6c79206d696e6f72206c656167756573207265636f676e697a65642062792074686520636f6c6c656374697665206261726761696e696e672061677265656d656e74206265747765656e20746865204e6174696f6e616c20486f636b6579204c656167756520616e6420746865204e6174696f6e616c20486f636b6579204c656167756520506c617965727327204173736f63696174696f6e2c206d65616e696e6720616e7920706c61796572207369676e656420746f20616e20656e7472792d6c6576656c204e484c20636f6e747261637420616e642064657369676e6174656420666f722061737369676e6d656e74206d757374207265706f727420746f206120636c756220696e2065697468657220746865204543484c206f72207468652041484c2e5b315d204164646974696f6e616c6c792c20746865206c6561677565277320706c61796572732061726520726570726573656e746564206279207468652050726f66657373696f6e616c20486f636b657920506c617965727327204173736f63696174696f6e20696e206e65676f74696174696f6e73207769746820746865204543484c20697473656c662e20536f6d652036363220706c6179657273206861766520706c61796564206174206c65617374206f6e652067616d6520696e20746865204e484c20616674657220617070656172696e6720696e20746865204543484c2e5b325d, '07768f4d7682789a402de281ec8add19.png', 1, '2019-08-28 23:09:46', NULL, '1'),
(15, 13, 'The Championships, Wimbledon', 0x546865204368616d70696f6e73686970732c2057696d626c65646f6e2c20636f6d6d6f6e6c79206b6e6f776e2073696d706c792061732057696d626c65646f6e2c206f7220546865204368616d70696f6e73686970732c20697320746865206f6c646573742074656e6e697320746f75726e616d656e7420696e2074686520776f726c642c20616e64206973207265676172646564206279206d616e7920617320746865206d6f73742070726573746967696f75732e5b325d5b335d5b345d5b355d5b365d20497420686173206265656e2068656c642061742074686520416c6c20456e676c616e6420436c756220696e2057696d626c65646f6e2c204c6f6e646f6e2c2073696e6365203138373720616e6420697320706c61796564206f6e206f7574646f6f7220677261737320636f757274732c20616e642073696e6365203230303920776974682061207265747261637461626c6520726f6f66206f7665722043656e74726520436f7572742e0d0a0d0a57696d626c65646f6e206973206f6e65206f662074686520666f7572204772616e6420536c616d2074656e6e697320746f75726e616d656e74732c20746865206f7468657273206265696e6720746865204175737472616c69616e204f70656e2c20746865204672656e6368204f70656e20616e6420746865205553204f70656e2e2053696e636520746865204175737472616c69616e204f70656e207368696674656420746f2068617264636f75727420696e20313938382c2057696d626c65646f6e20697320746865206f6e6c79206d616a6f72207374696c6c20706c61796564206f6e2067726173732c206279206d616e7920636f6e736964657265642061732074686520636c61737369632074656e6e697320636f7572742e0d0a0d0a54686520746f75726e616d656e7420747261646974696f6e616c6c7920746f6f6b20706c616365206f7665722074776f207765656b7320696e206c617465204a756e6520616e64206561726c79204a756c792c207374617274696e67206f6e20746865206c617374204d6f6e64617920696e204a756e6520616e642063756c6d696e6174696e67207769746820746865204c61646965732720616e642047656e746c656d656e27732053696e676c65732046696e616c732c207363686564756c656420666f722074686520536174757264617920616e642053756e6461792061742074686520656e64206f6620746865207365636f6e64207765656b2e20486f77657665722c20726563656e74206368616e67657320746f207468652074656e6e69732063616c656e6461722068617665207365656e20746865206576656e74206d6f766564206261636b2062792061207765656b20746f20626567696e20696e206561726c79204a756c792e5b375d5b385d2046697665206d616a6f72206576656e7473206172652068656c64206561636820796561722c2077697468206164646974696f6e616c206a756e696f7220616e6420696e7669746174696f6e616c20636f6d7065746974696f6e7320616c736f2074616b696e6720706c6163652e0d0a0d0a57696d626c65646f6e20747261646974696f6e7320696e636c75646520612073747269637420616c6c2d776869746520647265737320636f646520666f7220636f6d70657469746f727320616e6420726f79616c20706174726f6e6167652e2053747261776265727269657320616e6420637265616d2061726520747261646974696f6e616c6c7920636f6e73756d65642061742074686520746f75726e616d656e742e5b395d20496e20323031372c2066616e7320636f6e73756d65642033342c303030206b672028333320746f6e7329206f6620456e676c6973682073747261776265727269657320616e642031302c303030206c69747265732028322c3230302067616c6c6f6e7329206f6620637265616d2e2050696d6d27732069732061206661766f7572656420616e6420747261646974696f6e616c20726566726573686d656e742e5b31305d, '1b4514595f15f4d45582bdb99505d8fc.png', 1, '2019-08-28 23:14:55', NULL, '1'),
(16, 13, 'Australian Open', 0x546865204175737472616c69616e204f70656e20697320612074656e6e697320746f75726e616d656e742068656c6420616e6e75616c6c79206f76657220746865206c61737420666f72746e69676874206f66204a616e7561727920696e204d656c626f75726e652c204175737472616c69612e2054686520746f75726e616d656e7420697320746865206669727374206f662074686520666f7572204772616e6420536c616d2074656e6e6973206576656e74732068656c64206561636820796561722c20707265636564696e6720746865204672656e6368204f70656e2c2057696d626c65646f6e2c20616e6420746865205553204f70656e2e204974206665617475726573206d656e277320616e6420776f6d656e27732073696e676c65733b206d656e27732c20776f6d656e27732c20616e64206d6978656420646f75626c65733b206a756e696f722773206368616d70696f6e73686970733b20616e6420776865656c63686169722c206c6567656e64732c20616e642065786869626974696f6e206576656e74732e205072696f7220746f20313938382069742077617320706c61796564206f6e20677261737320636f757274732c206275742073696e6365207468656e2074776f207479706573206f662068617264636f7572742073757266616365732068617665206265656e2075736564206174204d656c626f75726e65205061726b20e2809320677265656e20636f6c6f75726564205265626f756e642041636520757020746f203230303720616e642c20616674657277617264732c20626c756520506c65786963757368696f6e2e5b315d0d0a0d0a46697273742068656c6420696e203139303520617320746865204175737472616c617369616e206368616d70696f6e73686970732c20746865204175737472616c69616e204f70656e206861732067726f776e20746f206265636f6d6520746865206c6172676573745b636c6172696669636174696f6e206e65656465645d20616e6e75616c2073706f7274696e67206576656e7420696e2074686520536f75746865726e2048656d697370686572652e204e69636b6e616d6564202274686520686170707920736c616d225b325d20616e64206f6674656e20726566657272656420746f2061732074686520224772616e6420536c616d206f6620417369612f50616369666963225b335d5b345d2074686520746f75726e616d656e7420697320746865206869676865737420617474656e646564204772616e6420536c616d206576656e742c2077697468206d6f7265207468616e203738302c3030302070656f706c6520617474656e64696e672074686520323031392065646974696f6e2e2049742077617320616c736f20746865206669727374204772616e6420536c616d20746f75726e616d656e7420746f206665617475726520696e646f6f7220706c617920647572696e67207765742077656174686572206f722065787472656d652068656174207769746820697473206576656e7475616c6c79207468726565207072696d61727920636f757274732c2074686520526f64204c61766572204172656e612c204d656c626f75726e65204172656e6120616e6420746865207265667572626973686564204d6172676172657420436f757274204172656e612065717569707065642077697468207265747261637461626c6520726f6f66732e, '199e18492556c1ddd9be74ad61b736be.webp', 1, '2019-08-28 23:15:57', NULL, '1'),
(17, 13, 'ATP Finals', 0x546865204154502046696e616c7320697320746865207365636f6e6420686967686573742074696572206f6620616e6e75616c206d656e27732074656e6e697320746f75726e616d656e742061667465722074686520666f7572204772616e6420536c616d20746f75726e616d656e74732e0d0a0d0a41207765656b2d6c6f6e67206576656e742c2074686520746f75726e616d656e742069732068656c6420616e6e75616c6c792065616368204e6f76656d62657220617420746865204f32204172656e6120696e204c6f6e646f6e2c20556e69746564204b696e67646f6d2e20496e20323032312069742077696c6c206d6f766520746f20547572696e2c204974616c792e20546865204154502046696e616c73206172652074686520736561736f6e2d656e64696e67206368616d70696f6e7368697073206f66207468652041545020546f757220616e6420666561747572652074686520746f702065696768742073696e676c657320706c617965727320616e6420646f75626c6573207465616d73206f6620746865204154502052616e6b696e67732e2054686520746f75726e616d656e74207761732066697273742068656c6420696e20313937302c20616c74686f75676820697420776173206b6e6f776e20756e646572206120646966666572656e74206e616d652e0d0a0d0a526f676572204665646572657220686f6c647320746865207265636f726420666f7220746865206d6f73742073696e676c6573207469746c65732077697468207369782c207768696c6520506574657220466c656d696e6720616e64204a6f686e204d63456e726f6520686f6c6420746865207265636f726420666f7220746865206d6f737420646f75626c6573207469746c6573207769746820736576656e2e0d0a0d0a496e207468652063757272656e7420746f75726e616d656e742c2077696e6e65727320617265206177617264656420757020746f20313530302072616e6b696e6720706f696e74733b2077697468206561636820726f756e642d726f62696e206c6f73732c2032303020706f696e7473206172652064656475637465642066726f6d207468617420616d6f756e742e, '2500fafa80b92123ccdf4ed49de44b4a.jpg', 1, '2019-08-28 23:17:08', NULL, '1'),
(18, 13, 'Fed Cup', 0x4665642043757020697320746865207072656d69657220696e7465726e6174696f6e616c207465616d20636f6d7065746974696f6e20696e20776f6d656e27732074656e6e69732c206c61756e6368656420696e203139363320746f2063656c65627261746520746865203530746820616e6e6976657273617279206f662074686520496e7465726e6174696f6e616c2054656e6e69732046656465726174696f6e2028495446292e2054686520636f6d7065746974696f6e20776173206b6e6f776e206173207468652046656465726174696f6e2043757020756e74696c20313939352e2054686520466564204375702069732074686520776f726c642773206c61726765737420616e6e75616c20776f6d656e277320696e7465726e6174696f6e616c207465616d2073706f72747320636f6d7065746974696f6e20696e207465726d73206f6620746865206e756d626572206f66206e6174696f6e73207468617420636f6d706574652e5b325d5b335d205468652063757272656e742046656420437570204368616972706572736f6e206973204b617472696e61204164616d732e5b345d0d0a0d0a546865206d656e2773206571756976616c656e74206f6620746865204665642043757020697320746865204461766973204375702e204175737472616c69612c20437a6563682052657075626c696320616e642074686520556e69746564205374617465732061726520746865206f6e6c7920636f756e7472696573207468617420686176652068656c6420626f746820746865204665642043757020616e6420446176697320437570206174207468652073616d652074696d652e, '21496eca541f1c1e6cead42b18390d9d.png', 1, '2019-08-28 23:17:38', NULL, '1'),
(19, 13, 'Canadian Open (tennis)', 0x5468652043616e616469616e204f70656e20284672656e63683a20546f75726e6f692064652074656e6e69732064752043616e616461292c20616c736f206b6e6f776e206173207468652043616e616461204d61737465727320616e64206b6e6f776e20666f722073706f6e736f727368697020726561736f6e732061732074686520526f67657273204375702070726573656e746564206279204e6174696f6e616c2042616e6b20284672656e63683a20436f75706520526f67657273292c20697320616e20616e6e75616c2074656e6e697320746f75726e616d656e742068656c6420696e2043616e6164612e205468652074686972642d6f6c6465737420746f75726e616d656e7420696e20616c6c206f662074656e6e69732028626568696e64206f6e6c792057696d626c65646f6e20616e6420746865205553204f70656e292c207468652043616e616469616e204f70656e2773206d656e277320636f6d7065746974696f6e2069732061204d6173746572732031303030206576656e74206f6e20746865204173736f63696174696f6e206f662054656e6e69732050726f66657373696f6e616c7320284154502920746f75722e2054686520776f6d656e277320636f6d7065746974696f6e2069732061205072656d696572203520746f75726e616d656e74206f6e2074686520576f6d656e27732054656e6e6973204173736f63696174696f6e20285754412920746f75722e2054686520636f6d7065746974696f6e20697320706c61796564206f6e206861726420636f757274732e0d0a0d0a546865206576656e747320616c7465726e6174652066726f6d207965617220746f2079656172206265747765656e2074686520636974696573206f66204d6f6e747265616c20616e6420546f726f6e746f2e2053696e6365203139383020696e206f64642d6e756d626572656420796561727320746865206d656e277320746f75726e616d656e742069732068656c6420696e204d6f6e747265616c2c207768696c652074686520776f6d656e277320746f75726e616d656e742069732068656c6420696e20546f726f6e746f2c20616e64207669636520766572736120696e206576656e2d6e756d62657265642079656172732e204265666f726520323031312c207468657920776572652068656c6420647572696e67207365706172617465207765656b7320696e20746865204a756c79e2809341756775737420706572696f643b206e6f77207468652074776f20636f6d7065746974696f6e73206172652068656c6420647572696e67207468652073616d65207765656b20696e204175677573742e2054686520546f726f6e746f20746f75726e616d656e742069732068656c64206174207468652041766976612043656e74726520616e6420746865204d6f6e747265616c20746f75726e616d656e742069732068656c642061742074686520494741205374616469756d2e, 'b4c2336b7f706a95662bff5c3a6bb023.png', 1, '2019-08-28 23:18:09', NULL, '1'),
(20, 13, 'International Premier Tennis League', 0x4d616865736820426875706174686920616e6e6f756e6365642074686520666f756e64696e67206f662074686520496e7465726e6174696f6e616c205072656d6965722054656e6e6973204c6561677565206f6e203235204d617920323031332c20696e2050617269732e2054686520696e697469616c20706c616e2077617320746f20737461727420746865206c65616775652077697468207369782063686172746572206672616e63686973657320696e204173696120776974682074686520696e6175677572616c20736561736f6e20636f6d6d656e63696e6720696e204e6f76656d62657220323031342e204268757061746869207361696420746865206c656167756520776f756c64206265206d6f64656c65642061667465722074686520496e6469616e205072656d696572204c65616775652c206120637269636b6574206c656167756520696e20496e6469612e204a757374696e2047696d656c73746f622073616964207468617420746865206c656167756520776f756c6420626520737461722d64726976656e20617320576f726c64205465616d2054656e6e69732077617320696e207468652031393730732e5b325d0d0a0d0a4f6e203231204a616e7561727920323031342c204950544c20616e6e6f756e63656420746865206c6f636174696f6e73206f6620746865207369782063686172746572206672616e63686973657320666f7220746865206c6561677565277320696e6175677572616c20736561736f6e2e2046697665206672616e63686973657320776f756c6420706c617920746865697220686f6d65206d61746368657320696e2042616e676b6f6b2c20486f6e67204b6f6e672c204b75616c61204c756d7075722c204d756d62616920616e642053696e6761706f72652e2041207369787468206672616e636869736520776f756c6420706c61792069747320686f6d65206d61746368657320696e20616e20756e646973636c6f736564206369747920696e20746865204d6964646c6520456173742e5b335d2054686572652077617320636f6e667573696f6e20737572726f756e64696e672074686520616e6e6f756e63656d656e742e20536f6d65206d65646961206f75746c657473207265706f72746564207468617420746865726520776f756c642062652066697665206672616e6368697365732c206e6f742073697820617320686164206265656e2070726576696f75736c7920616e6e6f756e6365642c20616e6420646964206e6f7420696e636c7564652074686520486f6e67204b6f6e67206672616e636869736520616d6f6e672074686520666976652e5b345d204c61746572206e657773207265706f72747320696e20466562727561727920323031342c20696e64696361746564207468617420746865726520776f756c642062652066697665206672616e63686973657320696e636c7564696e67206f6e6520626173656420696e20486f6e67204b6f6e6720627574206e6f74206f6e6520696e20746865204d6964646c6520456173742e5b355d5b365d, '01f8d7ce55984344d1bc2438781705b3.jpg', 1, '2019-08-28 23:18:42', NULL, '1'),
(21, 6, 'National Basketball Association', 0x546865204e6174696f6e616c204261736b657462616c6c204173736f63696174696f6e20284e4241292069732061206d656e27732070726f66657373696f6e616c206261736b657462616c6c206c656167756520696e204e6f72746820416d65726963612c20636f6d706f736564206f66203330207465616d732028323920696e2074686520556e697465642053746174657320616e64203120696e2043616e616461292e204974206973206f6e65206f662074686520666f7572206d616a6f722070726f66657373696f6e616c2073706f727473206c65616775657320696e2074686520556e697465642053746174657320616e642043616e6164612c20616e6420697320776964656c7920636f6e7369646572656420746f20626520746865207072656d696572206d656e27732070726f66657373696f6e616c206261736b657462616c6c206c656167756520696e2074686520776f726c642e0d0a0d0a546865206c65616775652077617320666f756e64656420696e204e657720596f726b2043697479206f6e204a756e6520362c20313934362c20617320746865204261736b657462616c6c204173736f63696174696f6e206f6620416d65726963612028424141292e5b315d5b325d204974206368616e67656420697473206e616d6520746f20746865204e6174696f6e616c204261736b657462616c6c204173736f63696174696f6e206f6e2041756775737420332c20313934392c206166746572206d657267696e6720776974682074686520636f6d706574696e67204e6174696f6e616c204261736b657462616c6c204c656167756520284e424c292e20546865204e4241277320726567756c617220736561736f6e2072756e732066726f6d204f63746f62657220746f20417072696c2c20776974682065616368207465616d20706c6179696e672038322067616d65732e2049747320706c61796f66667320657874656e6420696e746f204a756e652e204e424120706c6179657273206172652074686520776f726c64277320626573742070616964206174686c65746573206279206176657261676520616e6e75616c2073616c6172792070657220706c617965722e5b335d5b345d, 'f3746c9e9ccc1b57e7d2865cfb8be5e9.png', 1, '2019-08-28 23:20:31', NULL, '1'),
(22, 6, 'FIBA', 0x54686520496e7465726e6174696f6e616c204261736b657462616c6c2046656465726174696f6e202846494241202fcb886669cb9062c9992f204645452d62c9993b204672656e63683a2046c3a964c3a9726174696f6e20496e7465726e6174696f6e616c65206465204261736b657462616c6c2920697320616e206173736f63696174696f6e206f66206e6174696f6e616c206f7267616e697a6174696f6e7320776869636820676f7665726e73207468652073706f7274206f66206261736b657462616c6c20776f726c64776964652e204f726967696e616c6c79206b6e6f776e206173207468652046c3a964c3a9726174696f6e20496e7465726e6174696f6e616c65206465204261736b657462616c6c20416d6174657572202868656e63652046494241292c20696e20313938392069742064726f707065642074686520776f726420616d61746575722066726f6d20697473206e616d65206275742072657461696e656420746865206163726f6e796d3b207468652022424122206e6f7720726570726573656e7473207468652066697273742074776f206c657474657273206f66206261736b657462616c6c2e0d0a0d0a4649424120646566696e6573207468652072756c6573206f66206261736b657462616c6c2c20737065636966696573207468652065717569706d656e7420616e6420666163696c69746965732072657175697265642c206f7267616e6973657320696e7465726e6174696f6e616c20636f6d7065746974696f6e732c20726567756c6174657320746865207472616e73666572206f66206174686c65746573206163726f737320636f756e74726965732c20616e6420636f6e74726f6c7320746865206170706f696e746d656e74206f6620696e7465726e6174696f6e616c2072656665726565732e204120746f74616c206f6620323133206e6174696f6e616c2066656465726174696f6e7320617265206e6f77206d656d626572732c206f7267616e697a65642073696e6365203139383920696e746f2066697665207a6f6e65733a204166726963612c20416d6572696361732c20417369612c204575726f70652c20616e64204f6365616e69612e, 'c812380fd8d8541dd40c622ccd9b7b0a.png', 1, '2019-08-28 23:21:17', NULL, '1'),
(23, 6, 'Lega Basket Serie A', 0x546865204c656761204261736b657420536572696520412c206f6666696369616c6c79206162627265766961746564206173204c42412c2028456e676c6973683a2053657269652041204261736b657462616c6c204c65616775652920697320612070726f66657373696f6e616c206d656e277320636c7562206261736b657462616c6c206c6561677565207468617420686173206265656e206f7267616e6973656420696e204974616c792073696e636520313932302e20497420636f6e73746974757465732074686520666972737420616e6420686967686573742d74696572206c6576656c206f6620746865204974616c69616e206c656167756520707972616d69642e20546865204c42412c20776869636820697320706c6179656420756e64657220464942412072756c65732c2063757272656e746c7920636f6e7369737473206f66203136207465616d732c207769746820746865206c6f776573742d706c61636564207465616d2072656c65676174656420746f2074686520536572696520413220616e64207265706c61636564206279207468652077696e6e6572206f662074686520706c61792d6f666673206f662074686174206469766973696f6e2e0d0a0d0a4120746f74616c206f66203939207465616d73206861766520636f6d706574656420696e20746865204c42412073696e63652069747320696e63657074696f6e2e20536576656e7465656e207465616d732068617665206265656e2063726f776e6564206368616d70696f6e732c2077697468204f6c696d706961204d696c616e6f2077696e6e696e6720746865207469746c652061207265636f72642032382074696d65732c20616e642056697274757320426f6c6f676e612031352074696d65732e204163636f7264696e6720746f2046494241204575726f7065277320616e64204575726f6c6561677565204261736b657462616c6c2773206e6174696f6e616c206c656167756520636f656666696369656e74732c20746865204c42412077617320746865206f766572616c6c20686973746f726963616c6c7920746f702072616e6b6564206e6174696f6e616c20646f6d6573746963206c656167756520696e204575726f70652c20666f722074686520706572696f64203139353820746f20323030372e20546f6461792c20746865204c424120697320636f6e7369646572656420746f206265206f6e65206f662074686520746f70204575726f7065616e206e6174696f6e616c206261736b657462616c6c206c6561677565732e2049747320636c756273206861766520776f6e20746865206d6f7374204575726f4c6561677565206368616d70696f6e736869707320283133292c20746865206d6f73742046494241205361706f727461204375707320283135292c20616e6420746865206d6f73742046494241204b6f7261c48720437570732028313029, 'e69299cd74a10c61152ad4e6b29ffe9b.png', 1, '2019-08-28 23:22:02', NULL, '1'),
(24, 6, 'Greek Basket League', 0x54686520477265656b204261736b6574204c6561677565202847424c292c206f6674656e20616c736f20726566657272656420746f2061732074686520477265656b204261736b657462616c6c204c65616775652c20477265656b204131204261736b657462616c6c204c65616775652c206f7220477265656b204261736b657462616c6c204368616d70696f6e7368697020286f726967696e616c6c792063616c6c65642050616e68656c6c656e6963204261736b657462616c6c204368616d70696f6e73686970292c20616e64206b6e6f776e206173207468652062657473686f702e6772204261736b6574204c656167756520666f722073706f6e736f727368697020726561736f6e732c2069732074686520666972737420746965722070726f66657373696f6e616c206261736b657462616c6c206c656167756520696e204772656563652e2049742069732072756e20627920484542412028477265656b3a20ce95cea3ce91ce9ace95292c20756e64657220746865206c6567616c20617574686f72697479206f66207468652048656c6c656e6963204261736b657462616c6c2046656465726174696f6e2028452e4f2e4b2e292e20546865206c656167756520697320616c736f206b6e6f776e206173207468652042657473686f702e6772204261736b6574204c656167756520666f722073706f6e736f727368697020726561736f6e732e5b315d0d0a0d0a497420636f6e7369737473206f66203134207465616d7320616e642072756e732066726f6d204f63746f62657220746f204a756e652c2077697468207465616d7320706c6179696e672032362067616d6573206561636820647572696e672074686520726567756c617220736561736f6e2c20616e642074686520746f702038207465616d73207468656e20636f6d706574696e6720696e2074686520706c61796f6666732e5b325d20546865206669727374206f6666696369616c20477265656b204261736b657462616c6c204368616d70696f6e73686970207761732068656c6420696e207468652031393237e28093323820736561736f6e2e20546865206c65616775652066697273742068656c64206120706c61796f666620726f756e6420696e207468652031393836e28093383720736561736f6e2e, 'b231f91686cb5cc35bfb5cc4fc91f8bc.png', 1, '2019-08-28 23:23:10', NULL, '1'),
(25, 6, 'EuroCup Basketball', 0x4575726f437570204261736b657462616c6c2c20636f6d6d6f6e6c79206b6e6f776e20617320746865204575726f43757020616e642063757272656e746c792063616c6c6564203744415953204575726f43757020666f722073706f6e736f727368697020726561736f6e732c20697320616e20616e6e75616c2070726f66657373696f6e616c206261736b657462616c6c20636c756220636f6d7065746974696f6e207468617420686173206265656e206f7267616e697a6564206279204575726f6c6561677565204261736b657462616c6c2073696e636520323030322e20497420697320746865207365636f6e642074696572206c6576656c206f662063726f73732d626f72646572204575726f7065616e20636f6d7065746974696f6e2c20626568696e6420746865204575726f4c65616775652e0d0a0d0a466f756e64656420696e203230303220756e64657220746865206e616d6520554c4542204375702c2074686520636f6d7065746974696f6e20686173206265656e206b6e6f776e20617320746865204575726f6375702073696e6365207468652032303038e28093303920736561736f6e2c20666f6c6c6f77696e672061206368616e676520696e20666f726d61742e5b325d2054686520554c45422043757020616e64204575726f437570204261736b657462616c6c2061726520636f6e73696465726564207468652073616d6520636f6d7065746974696f6e2c207769746820746865206368616e6765206f66206e616d65206265696e672073696d706c7920612072652d6272616e64696e672e, '7215d8dc900db1c8d99a79984dc5b398.png', 1, '2019-08-28 23:23:57', NULL, '1');
INSERT INTO `leagues_master` (`league_id`, `related_sport_id`, `league_title`, `league_description`, `league_logo`, `created_by`, `created_on`, `last_modified_on`, `league_status`) VALUES
(26, 6, 'NBA G League', 0x546865204e42412047204c65616775652c206f722073696d706c79207468652047204c65616775652c20697320746865204e6174696f6e616c204261736b657462616c6c204173736f63696174696f6e277320284e424129206f6666696369616c206d696e6f72206c6561677565206261736b657462616c6c206f7267616e697a6174696f6e2e20546865206c656167756520776173206b6e6f776e20617320746865204e6174696f6e616c204261736b657462616c6c20446576656c6f706d656e74204c656167756520284e42444c292066726f6d203230303120746f20323030352c20616e6420746865204e424120446576656c6f706d656e74204c656167756520284e424120442d4c6561677565292066726f6d203230303520756e74696c20323031372e5b315d20546865206c656167756520737461727465642077697468206569676874207465616d7320756e74696c204e424120636f6d6d697373696f6e657220446176696420537465726e20616e6e6f756e636564206120706c616e20746f20657870616e6420746865204e424120442d4c656167756520746f206669667465656e207465616d7320616e6420646576656c6f7020697420696e746f20612074727565206d696e6f72206c6561677565206661726d2073797374656d2c20776974682065616368204e424120442d4c6561677565207465616d20616666696c69617465642077697468206f6e65206f72206d6f7265204e4241207465616d7320696e204d6172636820323030352e2041742074686520636f6e636c7573696f6e206f66207468652032303133e280933134204e424120736561736f6e2c20333325206f66204e424120706c617965727320686164207370656e742074696d6520696e20746865204e424120442d4c65616775652c2075702066726f6d2032332520696e20323031312e204173206f66207468652032303138e28093313920736561736f6e2c20746865206c656167756520636f6e7369737473206f66203237207465616d732c20616c6c206f6620776869636820617265206569746865722073696e676c652d616666696c6961746564206f72206f776e656420627920616e204e4241207465616d2e, '3cfb80b7df426d3802ebc502f5f5e147.png', 1, '2019-08-28 23:25:16', NULL, '1'),
(27, 1, 'English Premier League', 0x546865205072656d696572204c656167756520286f6674656e20726566657272656420746f2061732074686520456e676c697368205072656d696572204c6561677565206f72207468652045504c206f75747369646520456e676c616e64292069732074686520746f70206c6576656c206f662074686520456e676c69736820666f6f7462616c6c206c65616775652073797374656d2e20436f6e74657374656420627920323020636c7562732c206974206f70657261746573206f6e20612073797374656d206f662070726f6d6f74696f6e20616e642072656c65676174696f6e20776974682074686520456e676c69736820466f6f7462616c6c204c6561677565202845464c292e0d0a0d0a546865205072656d696572204c6561677565206973206120636f72706f726174696f6e20696e20776869636820746865206d656d62657220636c75627320616374206173207368617265686f6c646572732e20536561736f6e732072756e2066726f6d2041756775737420746f204d617920776974682065616368207465616d20706c6179696e67203338206d6174636865732028706c6179696e6720616c6c203139206f74686572207465616d7320626f746820686f6d6520616e642061776179292e5b315d204d6f73742067616d65732061726520706c61796564206f6e20536174757264617920616e642053756e6461792061667465726e6f6f6e732e20546865205072656d696572204c65616775652068617320666561747572656420343720456e676c69736820616e642074776f2057656c736820636c7562732073696e63652069747320696e63657074696f6e2c206d616b696e6720697420612063726f73732d626f72646572206c65616775652e0d0a0d0a54686520636f6d7065746974696f6e2077617320666f726d656420617320746865204641205072656d696572204c6561677565206f6e203230204665627275617279203139393220666f6c6c6f77696e6720746865206465636973696f6e206f6620636c75627320696e2074686520466f6f7462616c6c204c6561677565204669727374204469766973696f6e20746f20627265616b20617761792066726f6d2074686520466f6f7462616c6c204c65616775652c20666f756e64656420696e20313838382c20616e642074616b6520616476616e74616765206f662061206c75637261746976652074656c65766973696f6e20726967687473206465616c2e5b325d20546865206465616c2077617320776f72746820c2a3312062696c6c696f6e2061207965617220646f6d6573746963616c6c79206173206f662032303133e2809331342c207769746820536b7920616e642042542047726f7570207365637572696e672074686520646f6d65737469632072696768747320746f2062726f6164636173742031313620616e642033382067616d657320726573706563746976656c792e5b335d20546865206c65616775652067656e65726174657320e282ac322e322062696c6c696f6e20706572207965617220696e20646f6d657374696320616e6420696e7465726e6174696f6e616c2074656c65766973696f6e207269676874732e5b345d20436c7562732077657265206170706f7274696f6e65642063656e7472616c207061796d656e7420726576656e756573206f6620c2a3322e342062696c6c696f6e20696e2032303136e2809331372c20776974682061206675727468657220c2a3333433206d696c6c696f6e20696e20736f6c69646172697479207061796d656e747320746f20456e676c69736820466f6f7462616c6c204c6561677565202845464c2920636c7562732e5b355d, '707fd7ab5ecf8d102736777113b24a4d.png', 1, '2019-09-01 16:54:09', NULL, '1');

-- --------------------------------------------------------

--
-- Table structure for table `league_team_relation`
--

CREATE TABLE `league_team_relation` (
  `league_team_relation_id` int(11) NOT NULL,
  `league_id` int(11) DEFAULT NULL,
  `team_id` int(11) DEFAULT NULL,
  `added_by` int(11) DEFAULT NULL,
  `added_date` datetime DEFAULT CURRENT_TIMESTAMP,
  `last_modified_by` int(11) DEFAULT NULL,
  `last_modified_on` datetime DEFAULT NULL
) ENGINE=InnoDB DEFAULT CHARSET=latin1;

--
-- Dumping data for table `league_team_relation`
--

INSERT INTO `league_team_relation` (`league_team_relation_id`, `league_id`, `team_id`, `added_by`, `added_date`, `last_modified_by`, `last_modified_on`) VALUES
(2, 27, 5, 1, '2019-09-01 05:42:08', NULL, NULL),
(3, 27, 6, 1, '2019-09-01 05:42:08', NULL, NULL),
(7, 27, 3, 1, '2019-09-01 07:07:07', NULL, NULL),
(8, 27, 0, 1, '2019-09-01 08:26:39', NULL, NULL),
(9, 27, 7, 1, '2019-09-01 09:25:16', NULL, NULL);

-- --------------------------------------------------------

--
-- Table structure for table `mega_pool_league_relation`
--

CREATE TABLE `mega_pool_league_relation` (
  `relation_id` int(11) NOT NULL,
  `mega_pool_id` int(11) NOT NULL,
  `league_id` int(11) NOT NULL
) ENGINE=InnoDB DEFAULT CHARSET=latin1;

--
-- Dumping data for table `mega_pool_league_relation`
--

INSERT INTO `mega_pool_league_relation` (`relation_id`, `mega_pool_id`, `league_id`) VALUES
(52, 1, 6),
(53, 1, 27),
(54, 1, 4),
(55, 1, 2),
(56, 1, 3),
(61, 2, 27),
(62, 2, 7),
(63, 2, 2),
(64, 2, 3),
(73, 3, 6),
(74, 3, 27),
(75, 3, 7),
(76, 3, 2),
(77, 3, 3),
(90, 4, 6),
(91, 4, 27),
(92, 4, 4),
(93, 4, 7),
(94, 4, 3);

-- --------------------------------------------------------

--
-- Table structure for table `mega_pool_master`
--

CREATE TABLE `mega_pool_master` (
  `mega_pool_id` int(11) NOT NULL,
  `mega_pool_url` varchar(255) NOT NULL,
  `mega_pool_title` varchar(255) NOT NULL,
  `related_sport_id` int(11) NOT NULL,
  `entry_fee` decimal(10,2) DEFAULT '0.00',
  `created_by` int(11) NOT NULL,
  `created_on` datetime NOT NULL DEFAULT CURRENT_TIMESTAMP,
  `published_on` datetime DEFAULT NULL,
  `league_logo` varchar(255) DEFAULT NULL,
  `last_modified_on` datetime DEFAULT NULL,
  `last_modified_by` int(11) DEFAULT NULL,
  `current_status` enum('1','2','3','4') NOT NULL COMMENT '1=active,2=inactive,3=blocked,4=published'
) ENGINE=InnoDB DEFAULT CHARSET=latin1;

--
-- Dumping data for table `mega_pool_master`
--

INSERT INTO `mega_pool_master` (`mega_pool_id`, `mega_pool_url`, `mega_pool_title`, `related_sport_id`, `entry_fee`, `created_by`, `created_on`, `published_on`, `league_logo`, `last_modified_on`, `last_modified_by`, `current_status`) VALUES
(1, 'mega-pool-canada-2020-167-f0a1f1e8286eae010604e7fa51e74417', 'Mega Pool Canada 2020', 1, '5.00', 1, '2019-09-13 00:37:11', '2019-09-14 12:39:55', 'c16cf9af7a509e6583ee1db887e64ecc.png', '2019-09-14 12:39:55', 1, '4'),
(2, 'mega-pool-canada-2021-194-fab5c3901d967dfa73d689ee2d21c3c6', 'Mega Pool Canada 2021', 1, '0.00', 1, '2019-09-14 00:41:47', '2019-09-14 12:42:16', 'cb3ca24b28cf9a195001a201c48a49cd.png', '2019-09-14 12:42:16', 1, '4'),
(3, 'epl-176-49d7c1a8e992083f04bee328698b1d4a', 'EPL', 1, '1.00', 1, '2019-09-14 00:47:01', NULL, '1da706bf8024176f06b45adff2a1ac4d.png', '2019-09-14 01:11:18', 1, '3'),
(4, 'mega-pool-canada-2011-135-206d08cce4b2752b36356b71a765066b', 'Mega Pool Canada 2011', 1, '3.70', 1, '2019-09-15 17:43:12', '2019-09-15 05:58:02', '1129e218c40062b3ea16fd50e8d028bb.png', '2019-09-15 05:58:02', 1, '4');

-- --------------------------------------------------------

--
-- Table structure for table `player_wallet`
--

CREATE TABLE `player_wallet` (
  `player_wallet_id` int(11) NOT NULL,
  `user_id` int(11) NOT NULL,
  `wallet_balance` decimal(10,2) NOT NULL,
  `status` enum('1','2') NOT NULL DEFAULT '1' COMMENT '1=active,2=inactive'
) ENGINE=InnoDB DEFAULT CHARSET=latin1;

--
-- Dumping data for table `player_wallet`
--

INSERT INTO `player_wallet` (`player_wallet_id`, `user_id`, `wallet_balance`, `status`) VALUES
(1, 21, '100.00', '1'),
(2, 18, '100.00', '1');

-- --------------------------------------------------------

--
-- Table structure for table `player_wallet_transaction_history`
--

CREATE TABLE `player_wallet_transaction_history` (
  `history_id` int(11) NOT NULL,
  `transaction_id` varchar(255) NOT NULL,
  `wallet_id` int(11) NOT NULL,
  `transaction_amount` decimal(10,2) NOT NULL DEFAULT '0.00',
  `transaction_type` enum('1','2') NOT NULL COMMENT '1=received,2=outgoing',
  `transaction_purpose` text NOT NULL,
  `transaction_date` datetime NOT NULL DEFAULT CURRENT_TIMESTAMP
) ENGINE=InnoDB DEFAULT CHARSET=latin1;

--
-- Dumping data for table `player_wallet_transaction_history`
--

INSERT INTO `player_wallet_transaction_history` (`history_id`, `transaction_id`, `wallet_id`, `transaction_amount`, `transaction_type`, `transaction_purpose`, `transaction_date`) VALUES
(1, 'cfa72f8881081bf8f73aac1225cc75a3', 1, '100.00', '1', 'Signup bonus amount received.', '2019-09-15 19:06:51');

-- --------------------------------------------------------

--
-- Table structure for table `sports_master`
--

CREATE TABLE `sports_master` (
  `sport_id` int(11) NOT NULL,
  `sport_title` varchar(255) DEFAULT NULL,
  `sport_description` blob,
  `sport_logo` varchar(255) DEFAULT NULL,
  `created_by` int(11) DEFAULT NULL,
  `created_on` datetime DEFAULT CURRENT_TIMESTAMP,
  `last_modified_on` datetime DEFAULT NULL,
  `sport_status` enum('1','2','3') NOT NULL DEFAULT '1' COMMENT '1=active,2=inactive,3=removed'
) ENGINE=InnoDB DEFAULT CHARSET=latin1;

--
-- Dumping data for table `sports_master`
--

INSERT INTO `sports_master` (`sport_id`, `sport_title`, `sport_description`, `sport_logo`, `created_by`, `created_on`, `last_modified_on`, `sport_status`) VALUES
(1, 'Association Football (Soccer)', 0x4173736f63696174696f6e20666f6f7462616c6c2c206f7220736f636365722c20697320746865206d6f737420706f70756c61722073706f727420696e2074686520776f726c642e20497420697320657374696d617465642074686174206d6f7265207468616e2068616c66206f662074686520776f726c64277320706f70756c6174696f6e20636f6e7369646572207468656d73656c76657320746f206265206173736f63696174696f6e20666f6f7462616c6c2028736f63636572292066616e732e205468652073706f727420656e6a6f797320616e20657374696d6174656420342e302062696c6c696f6e20706572736f6e20666f6c6c6f77696e672c20616e64206120676c6f62616c20737068657265206f6620696e666c75656e63652e20416e6369656e7420736f6363657220686173206265656e2074726163656420746f204368696e612c206173206561726c792061732074686520326e642043656e747572792e, '200731d86e757c97d6e8ada28a89e246.png', 1, '2019-08-27 01:01:23', '2019-08-27 11:58:57', '1'),
(2, 'Cricket', 0x437269636b657420686173206120322e352062696c6c696f6e20706572736f6e20657374696d6174656420676c6f62616c20666f6c6c6f77696e672c20616e6420697473207072696d61727920737068657265206f6620696e666c75656e636520697320696e2074686520556e69746564204b696e67646f6d20616e6420436f6d6d6f6e7765616c746820636f756e74726965732e2054686520637261646c65206f66207468652073706f7274207761732074686520313674682043656e7475727920456e676c616e6420616e6420697420776173206d6164652061206e6174696f6e616c2073706f727420696e2074686520313874682043656e7475727920696e2074686520636f756e7472792e205468652073706f727420697320636861726163746572697a65642062792074776f207465616d73206f6620656c6576656e20706c617965727320656163682c2077686572652065616368207465616d20617474656d70747320746f2073636f726520746865206d6f73742072756e732e205468652073706f7274206973206f7665727768656c6d696e676c7920706f70756c617220696e20666f726d6572204272697469736820636f6c6f6e696573207375636820617320496e6469612c20537269204c616e6b612c, 'a6492adc903a030dfb75fe3211e99726.png', 1, '2019-08-27 01:05:16', NULL, '1'),
(3, 'Field Hockey', 0x4669656c6420686f636b65792068617320616e20657374696d6174656420676c6f62616c20666f6c6c6f77696e67206f6620322062696c6c696f6e2066616e7320616e64207365657320697473207072696d61727920737068657265206f6620696e666c75656e636520696e204575726f70652c204166726963612c20417369612c20616e64204175737472616c69612e2054686520636f6e74656d706f72617279206669656c6420686f636b65792073706f72742077617320666972737420706c6179656420696e20456e676c616e6420696e207468652031383030732e205468652067616d65206973206d6f73746c792073696d696c617220746f20736f636365722065786365707420746861742074686520706c61796572732075736520737469636b7320746f206472697665207468652062616c6c20696e7374656164206f6620666565742e205468652073706f727420697320776964656c7920706c6179656420696e20496e6469612c204175737472616c69612c20616e642050616b697374616e2c2077686f7365207465616d732061726520666f726d696461626c65206f6e2074686520696e207468652073706f72742e, '1595bbf9ed7d5f21897eb81246c0b4e1.png', 1, '2019-08-27 01:06:30', NULL, '1'),
(4, 'American football', 0x416d65726963616e20666f6f7462616c6c2c20726566657272656420746f20617320666f6f7462616c6c20696e2074686520556e697465642053746174657320616e642043616e61646120616e6420616c736f206b6e6f776e206173206772696469726f6e2c5b6e6220315d2069732061207465616d2073706f727420706c617965642062792074776f207465616d73206f6620656c6576656e20706c6179657273206f6e20612072656374616e67756c6172206669656c64207769746820676f616c706f737473206174206561636820656e642e20546865206f6666656e73652c20776869636820697320746865207465616d207769746820706f7373657373696f6e206f6620746865206f76616c2d73686170656420666f6f7462616c6c2c20617474656d70747320746f20616476616e636520646f776e20746865206669656c642062792072756e6e696e672077697468206f722070617373696e67207468652062616c6c2c207768696c652074686520646566656e73652c20776869636820697320746865207465616d20776974686f757420706f7373657373696f6e206f66207468652062616c6c2c2061696d7320746f2073746f7020746865206f6666656e7365277320616476616e636520616e6420746f2074616b6520636f6e74726f6c206f66207468652062616c6c20666f72207468656d73656c7665732e20546865206f6666656e7365206d75737420616476616e6365206174206c656173742074656e20796172647320696e20666f757220646f776e732c206f7220706c6179733b2069662074686579206661696c2c2074686579207475726e206f7665722074686520666f6f7462616c6c20746f2074686520646566656e73652c20627574206966207468657920737563636565642c20746865792061726520676976656e2061206e657720736574206f6620666f757220646f776e7320746f20636f6e74696e7565207468652064726976652e20506f696e747320617265207072696d6172696c792073636f72656420627920616476616e63696e67207468652062616c6c20696e746f20746865206f70706f73696e67207465616d277320656e64207a6f6e6520666f72206120746f756368646f776e206f72206b69636b696e67207468652062616c6c207468726f75676820746865206f70706f6e656e74277320676f616c706f73747320666f722061206669656c6420676f616c2e20546865207465616d207769746820746865206d6f737420706f696e74732061742074686520656e64206f6620612067616d652077696e732e, '7609d4bb11dc6eba4efc5cff66021b8f.png', 1, '2019-08-28 00:09:51', NULL, '1'),
(5, 'Baseball', 0x4261736562616c6c2069732061206261742d616e642d62616c6c2067616d6520706c61796564206265747765656e2074776f206f70706f73696e67207465616d732077686f2074616b65207475726e732062617474696e6720616e64206669656c64696e672e205468652067616d652070726f6365656473207768656e206120706c61796572206f6e20746865206669656c64696e67207465616d2c2063616c6c65642074686520706974636865722c207468726f777320612062616c6c207768696368206120706c61796572206f6e207468652062617474696e67207465616d20747269657320746f2068697420776974682061206261742e20546865206f626a656374697665206f6620746865206f6666656e73697665207465616d202862617474696e67207465616d2920697320746f20686974207468652062616c6c20696e746f20746865206669656c64206f6620706c61792c20616c6c6f77696e6720697420746f2072756e20746865206261736573e28094686176696e67206974732072756e6e65727320616476616e636520636f756e7465722d636c6f636b776973652061726f756e6420666f757220626173657320746f2073636f72652077686174206172652063616c6c6564202272756e73222e20546865206f626a656374697665206f662074686520646566656e73697665207465616d20286669656c64696e67207465616d2920697320746f2070726576656e7420626174746572732066726f6d206265636f6d696e672072756e6e6572732c20616e6420746f2070726576656e742072756e6e6572732720616476616e63652061726f756e64207468652062617365732e5b325d20412072756e2069732073636f726564207768656e20612072756e6e6572206c6567616c6c7920616476616e6365732061726f756e642074686520626173657320696e206f7264657220616e6420746f756368657320686f6d6520706c617465202874686520706c6163652077686572652074686520706c617965722073746172746564206173206120626174746572292e20546865207465616d20746861742073636f72657320746865206d6f73742072756e732062792074686520656e64206f66207468652067616d65206973207468652077696e6e65722e, '63c0c5b0c9569fa3f8b1648961f329c9.png', 1, '2019-08-28 00:15:16', NULL, '1'),
(6, 'Basketball', 0x4261736b657462616c6c2069732061207465616d2073706f727420696e2077686963682074776f207465616d732c206d6f737420636f6d6d6f6e6c79206f66206669766520706c617965727320656163682c206f70706f73696e67206f6e6520616e6f74686572206f6e20612072656374616e67756c617220636f7572742c20636f6d70657465207769746820746865207072696d617279206f626a656374697665206f662073686f6f74696e672061206261736b657462616c6c2028617070726f78696d6174656c7920392e3420696e636865732028323420636d2920696e206469616d6574657229207468726f7567682074686520646566656e646572277320686f6f70202861206261736b657420313820696e636865732028343620636d2920696e206469616d65746572206d6f756e74656420313020666565742028332e303438206d29206869676820746f2061206261636b626f617264206174206561636820656e64206f662074686520636f75727429207768696c652070726576656e74696e6720746865206f70706f73696e67207465616d2066726f6d2073686f6f74696e67207468726f756768207468656972206f776e20686f6f702e2041206669656c6420676f616c20697320776f7274682074776f20706f696e74732c20756e6c657373206d6164652066726f6d20626568696e64207468652074687265652d706f696e74206c696e652c207768656e20697420697320776f7274682074687265652e204166746572206120666f756c2c2074696d656420706c61792073746f707320616e642074686520706c6179657220666f756c6564206f722064657369676e6174656420746f2073686f6f74206120746563686e6963616c20666f756c20697320676976656e206f6e65206f72206d6f7265206f6e652d706f696e742066726565207468726f77732e20546865207465616d207769746820746865206d6f737420706f696e74732061742074686520656e64206f66207468652067616d652077696e732c2062757420696620726567756c6174696f6e20706c617920657870697265732077697468207468652073636f726520746965642c20616e206164646974696f6e616c20706572696f64206f6620706c617920286f76657274696d6529206973206d616e64617465642e, '610af8c8320421ffd86befb7ba60a7f1.png', 1, '2019-08-28 00:20:59', '2019-08-28 11:36:05', '1'),
(7, 'Ice Hockey', 0x49636520686f636b6579206973206120636f6e74616374207465616d2073706f727420706c61796564206f6e206963652c20757375616c6c7920696e20612072696e6b2c20696e2077686963682074776f207465616d73206f6620736b61746572732075736520746865697220737469636b7320746f2073686f6f7420612076756c63616e697a656420727562626572207075636b20696e746f207468656972206f70706f6e656e742773206e657420746f2073636f726520706f696e74732e205468652073706f7274206973206b6e6f776e20746f20626520666173742d706163656420616e6420706879736963616c2c2077697468207465616d7320757375616c6c7920636f6e73697374696e67206f662073697820706c617965727320656163683a206f6e6520676f616c74656e6465722c20616e64206669766520706c61796572732077686f20736b61746520757020616e6420646f776e207468652069636520747279696e6720746f2074616b6520746865207075636b20616e642073636f7265206120676f616c20616761696e737420746865206f70706f73696e67207465616d2e, '2c74da5ee5d1b83664f6abe8cf261b21.png', 1, '2019-08-28 00:22:27', NULL, '1'),
(8, 'Auto racing', 0x4175746f20726163696e672028616c736f206b6e6f776e2061732063617220726163696e672c206d6f746f7220726163696e672c5b315d206f72206175746f6d6f62696c6520726163696e67292069732061206d6f746f7273706f727420696e766f6c76696e672074686520726163696e67206f66206175746f6d6f62696c657320666f7220636f6d7065746974696f6e2e0d0a0d0a4175746f20726163696e672068617320657869737465642073696e63652074686520696e76656e74696f6e206f6620746865206175746f6d6f62696c652e205261636573206f6620766172696f757320736f7274732077657265206f7267616e697365642c207769746820746865206669727374207265636f72646564206173206561726c7920617320313836372e204d616e79206f6620746865206561726c69657374206576656e74732077657265206566666563746976656c792072656c696162696c69747920747269616c732c2061696d65642061742070726f76696e67207468657365206e6577206d616368696e6573207765726520612070726163746963616c206d6f6465206f66207472616e73706f72742c2062757420736f6f6e20626563616d6520616e20696d706f7274616e742077617920666f7220636f6d706574696e67206d616b65727320746f2064656d6f6e737472617465207468656972206d616368696e65732e204279207468652031393330732c207370656369616c69737420726163696e6720636172732068616420646576656c6f7065642e, 'b65bf47cb2e60dca4759927a2c3010fb.png', 1, '2019-08-28 00:23:54', NULL, '1'),
(9, 'Canadian football', 0x43616e616469616e20666f6f7462616c6c20284672656e63683a20666f6f7462616c6c2063616e616469656e2920697320612073706f727420706c6179656420696e2043616e61646120696e2077686963682074776f207465616d73206f6620313220706c6179657273206561636820636f6d7065746520666f72207465727269746f7269616c20636f6e74726f6c206f662061206669656c64206f6620706c6179203131302079617264732028313031206d29206c6f6e6720616e6420363520796172647320283539206d29207769646520617474656d7074696e6720746f20616476616e6365206120706f696e746564206f76616c2d7368617065642062616c6c20696e746f20746865206f70706f73696e67207465616d27732073636f72696e6720617265612028656e64207a6f6e65292e0d0a0d0a496e2043616e6164612c20746865207465726d2022666f6f7462616c6c22206d617920726566657220746f2043616e616469616e20666f6f7462616c6c20616e6420416d65726963616e20666f6f7462616c6c20636f6c6c6563746976656c792c206f7220746f206569746865722073706f7274207370656369666963616c6c792c20646570656e64696e67206f6e20636f6e746578742e205468652074776f2073706f727473206861766520736861726564206f726967696e7320616e642061726520636c6f73656c792072656c6174656420627574206861766520736f6d65206b657920646966666572656e6365732e0d0a0d0a527567627920666f6f7462616c6c20696e2043616e616461206f726967696e6174656420696e20746865206561726c792031383630732c5b315d20616e64206f7665722074696d652c207468652067616d65206b6e6f776e2061732043616e616469616e20666f6f7462616c6c20646576656c6f7065642e20426f7468207468652043616e616469616e20466f6f7462616c6c204c6561677565202843464c292c207468652073706f7274277320746f702070726f66657373696f6e616c206c65616775652c20616e6420466f6f7462616c6c2043616e6164612c2074686520676f7665726e696e6720626f647920666f7220616d617465757220706c61792c20747261636520746865697220726f6f747320746f203138383020616e642074686520666f756e64696e67206f66207468652043616e616469616e20527567627920466f6f7462616c6c20556e696f6e2e, 'f05b9d730b608464db86d1df12ee73f8.png', 1, '2019-08-28 00:25:35', NULL, '1'),
(10, 'Handball', 0x48616e6462616c6c2028616c736f206b6e6f776e206173207465616d2068616e6462616c6c2c204575726f7065616e2068616e6462616c6c206f72204f6c796d7069632068616e6462616c6c295b325d2069732061207465616d2073706f727420696e2077686963682074776f207465616d73206f6620736576656e20706c617965727320656163682028736978206f7574636f75727420706c617965727320616e64206120676f616c6b656570657229207061737320612062616c6c207573696e672074686569722068616e64732077697468207468652061696d206f66207468726f77696e6720697420696e746f2074686520676f616c206f6620746865206f74686572207465616d2e2041207374616e64617264206d6174636820636f6e7369737473206f662074776f20706572696f6473206f66203330206d696e757465732c20616e6420746865207465616d20746861742073636f726573206d6f726520676f616c732077696e732e0d0a0d0a4d6f6465726e2068616e6462616c6c20697320706c61796564206f6e206120636f757274206f66203430206279203230206d65747265732028313331206279203636206674292c2077697468206120676f616c20696e20746865206d6964646c65206f66206561636820656e642e2054686520676f616c732061726520737572726f756e646564206279206120362d6d657465722028323020667429207a6f6e65207768657265206f6e6c792074686520646566656e64696e6720676f616c6b656570657220697320616c6c6f7765643b20676f616c73206d7573742062652073636f726564206279207468726f77696e67207468652062616c6c2066726f6d206f75747369646520746865207a6f6e65206f72207768696c652022646976696e672220696e746f2069742e205468652073706f727420697320757375616c6c7920706c6179656420696e646f6f72732c20627574206f7574646f6f722076617269616e747320657869737420696e2074686520666f726d73206f66206669656c642068616e6462616c6c20616e6420437a6563682068616e6462616c6c202877686963682077657265206d6f726520636f6d6d6f6e20696e2074686520706173742920616e642062656163682068616e6462616c6c2e205468652067616d65206973206661737420616e6420686967682d73636f72696e673a2070726f66657373696f6e616c207465616d73206e6f77207479706963616c6c792073636f7265206265747765656e20323020616e6420333520676f616c7320656163682c2074686f756768206c6f7765722073636f7265732077657265206e6f7420756e636f6d6d6f6e20756e74696c20612066657720646563616465732061676f2e20426f647920636f6e74616374206973207065726d69747465642c2074686520646566656e6465727320747279696e6720746f2073746f70207468652061747461636b6572732066726f6d20617070726f616368696e672074686520676f616c2e204e6f2070726f746563746976652065717569706d656e74206973206d616e64617465642c2062757420706c6179657273206d6179207765617220736f66742070726f746563746976652062616e64732c207061647320616e64206d6f757468206775617264732e5b335d, '5bb08a8fd930ab9f1966d0c83e4b3fd5.png', 1, '2019-08-28 00:27:07', NULL, '1'),
(11, 'Rugby union football', 0x527567627920756e696f6e2c20776964656c79206b6e6f776e2073696d706c792061732072756762792c206973206120636f6e74616374207465616d2073706f7274207768696368206f726967696e6174656420696e20456e676c616e6420696e207468652066697273742068616c66206f662074686520313974682063656e747572792e204f6e65206f66207468652074776f20636f646573206f6620727567627920666f6f7462616c6c2c206974206973206261736564206f6e2072756e6e696e672077697468207468652062616c6c20696e2068616e642e20496e20697473206d6f737420636f6d6d6f6e20666f726d2c20612067616d65206973206265747765656e2074776f207465616d73206f6620313520706c6179657273207573696e6720616e206f76616c2d7368617065642062616c6c206f6e20612072656374616e67756c6172206669656c64207769746820482d73686170656420676f616c706f737473206174206561636820656e642e0d0a0d0a527567627920756e696f6e206973206120706f70756c61722073706f72742061726f756e642074686520776f726c642c20706c61796564206279206d616c6520616e642066656d616c6520706c6179657273206f6620616c6c20616765732e20496e20323031342c2074686572652077657265206d6f7265207468616e2036206d696c6c696f6e2070656f706c6520706c6179696e6720776f726c64776964652c206f662077686f6d20322e3336206d696c6c696f6e2077657265207265676973746572656420706c61796572732e20576f726c642052756762792c2070726576696f75736c792063616c6c65642074686520496e7465726e6174696f6e616c20527567627920466f6f7462616c6c20426f6172642028495246422920616e642074686520496e7465726e6174696f6e616c20527567627920426f6172642028495242292c20686173206265656e2074686520676f7665726e696e6720626f647920666f7220727567627920756e696f6e2073696e636520313838362c20616e642063757272656e746c79206861732031303120636f756e74726965732061732066756c6c206d656d6265727320616e64203138206173736f6369617465206d656d626572732e, 'be52b32b6fac29a066821cbecc0f81e9.png', 1, '2019-08-28 00:28:28', NULL, '1'),
(12, 'Twenty20 cricket', 0x5477656e7479323020637269636b6574206f7220285477656e74792d3230292c206f6674656e20616262726576696174656420746f205432302c20697320612073686f7274656e656420666f726d6174206f6620637269636b65742e204174207468652070726f66657373696f6e616c206c6576656c2c20697420776173206f726967696e616c6c7920696e74726f64756365642062792074686520456e676c616e6420616e642057616c657320437269636b657420426f61726420284543422920696e203230303320666f722074686520696e7465722d636f756e747920636f6d7065746974696f6e20696e20456e676c616e6420616e642057616c65732e5b315d20496e2061205477656e747932302067616d65207468652074776f207465616d73206861766520612073696e676c6520696e6e696e677320656163682c207768696368206973207265737472696374656420746f2061206d6178696d756d206f66203230206f766572732e20546f67657468657220776974682066697273742d636c61737320616e64204c697374204120637269636b65742c205477656e74793230206973206f6e65206f66207468652074687265652063757272656e7420666f726d73206f6620637269636b6574207265636f676e697365642062792074686520496e7465726e6174696f6e616c20437269636b657420436f756e63696c202849434329206173206265696e6720617420746865206869676865737420696e7465726e6174696f6e616c206f7220646f6d6573746963206c6576656c2e2041207479706963616c205477656e747932302067616d6520697320636f6d706c6574656420696e2061626f757420746872656520686f7572732c2077697468206561636820696e6e696e6773206c617374696e672061726f756e64203930206d696e7574657320616e6420616e206f6666696369616c203130206d696e75746520627265616b206265747765656e2074686520696e6e696e67732e2054686973206973206d7563682073686f72746572207468616e2070726576696f75736c792d6578697374696e6720666f726d73206f66207468652067616d652c20616e6420697320636c6f73657220746f207468652074696d657370616e206f66206f7468657220706f70756c6172207465616d2073706f7274732e2049742077617320696e74726f647563656420746f20637265617465206120666173742d706163656420666f726d206f66207468652067616d6520776869636820776f756c64206265206174747261637469766520746f20737065637461746f7273206174207468652067726f756e6420616e642076696577657273206f6e2074656c65766973696f6e2e, '3c0092b845a0803158cfaca2bf891a91.png', 1, '2019-08-28 00:30:36', NULL, '1'),
(13, 'Tennis', 0x54656e6e69732069732061207261636b65742073706f727420746861742063616e20626520706c6179656420696e646976696475616c6c7920616761696e737420612073696e676c65206f70706f6e656e74202873696e676c657329206f72206265747765656e2074776f207465616d73206f662074776f20706c617965727320656163682028646f75626c6573292e204561636820706c61796572207573657320612074656e6e6973207261636b6574207468617420697320737472756e67207769746820636f726420746f20737472696b65206120686f6c6c6f77207275626265722062616c6c20636f766572656420776974682066656c74206f766572206f722061726f756e642061206e657420616e6420696e746f20746865206f70706f6e656e74277320636f7572742e20546865206f626a656374206f66207468652067616d6520697320746f206d616e6575766572207468652062616c6c20696e2073756368206120776179207468617420746865206f70706f6e656e74206973206e6f742061626c6520746f20706c617920612076616c69642072657475726e2e2054686520706c617965722077686f20697320756e61626c6520746f2072657475726e207468652062616c6c2077696c6c206e6f74206761696e206120706f696e742c207768696c6520746865206f70706f7369746520706c617965722077696c6c2e0d0a0d0a54656e6e697320697320616e204f6c796d7069632073706f727420616e6420697320706c6179656420617420616c6c206c6576656c73206f6620736f636965747920616e6420617420616c6c20616765732e205468652073706f72742063616e20626520706c6179656420627920616e796f6e652077686f2063616e20686f6c642061207261636b65742c20696e636c7564696e6720776865656c63686169722075736572732e20546865206d6f6465726e2067616d65206f662074656e6e6973206f726967696e6174656420696e204269726d696e6768616d2c20456e676c616e642c20696e20746865206c61746520313974682063656e74757279206173206c61776e2074656e6e69732e5b315d2049742068616420636c6f736520636f6e6e656374696f6e7320626f746820746f20766172696f7573206669656c6420286c61776e292067616d657320737563682061732063726f7175657420616e6420626f776c732061732077656c6c20617320746f20746865206f6c646572207261636b65742073706f727420746f6461792063616c6c6564207265616c2074656e6e69732e20447572696e67206d6f7374206f662074686520313974682063656e747572792c20696e20666163742c20746865207465726d2074656e6e697320726566657272656420746f207265616c2074656e6e69732c206e6f74206c61776e2074656e6e69732e, 'da47f2dfe91114d1ec0664328425ee34.png', 1, '2019-08-28 23:13:24', NULL, '1');

-- --------------------------------------------------------

--
-- Table structure for table `teams_master`
--

CREATE TABLE `teams_master` (
  `team_id` int(11) NOT NULL,
  `related_sport_id` int(11) DEFAULT NULL,
  `team_title` varchar(255) DEFAULT NULL,
  `team_description` blob,
  `team_logo` varchar(255) DEFAULT NULL,
  `created_by` int(11) DEFAULT NULL,
  `created_on` datetime DEFAULT CURRENT_TIMESTAMP,
  `last_modified_on` datetime DEFAULT NULL,
  `team_status` enum('1','2','3') NOT NULL DEFAULT '1' COMMENT '1=active,2=inactive,3=removed'
) ENGINE=InnoDB DEFAULT CHARSET=latin1;

--
-- Dumping data for table `teams_master`
--

INSERT INTO `teams_master` (`team_id`, `related_sport_id`, `team_title`, `team_description`, `team_logo`, `created_by`, `created_on`, `last_modified_on`, `team_status`) VALUES
(1, 1, 'Real Madrid CF', 0x5265616c204d616472696420436c75622064652046c3ba74626f6c20285370616e6973682070726f6e756e63696174696f6e3a205b7265cb88616c206d61cb88c3b0c9be69c3b020cb886b6c75ceb220c3b06520cb886675c3b0ceb26f6c5d202841626f7574207468697320736f756e646c697374656e292c206d65616e696e6720526f79616c204d616472696420466f6f7462616c6c20436c7562292c20636f6d6d6f6e6c7920726566657272656420746f206173205265616c204d61647269642c2069732061205370616e6973682070726f66657373696f6e616c20666f6f7462616c6c20636c756220626173656420696e204d61647269642e0d0a0d0a466f756e646564206f6e2036204d61726368203139303220617320746865204d616472696420466f6f7462616c6c20436c75622c2074686520636c75622068617320747261646974696f6e616c6c7920776f726e206120776869746520686f6d65206b69742073696e636520696e63657074696f6e2e2054686520776f7264207265616c206973205370616e69736820666f722022726f79616c2220616e642077617320626573746f77656420746f2074686520636c7562206279204b696e6720416c666f6e736f205849494920696e203139323020746f67657468657220776974682074686520726f79616c2063726f776e20696e2074686520656d626c656d2e20546865207465616d2068617320706c617965642069747320686f6d65206d61746368657320696e207468652038312c3034342d63617061636974792053616e746961676f204265726e6162c3a975205374616469756d20696e20646f776e746f776e204d61647269642073696e636520313934372e20556e6c696b65206d6f7374204575726f7065616e2073706f7274696e6720656e7469746965732c205265616c204d61647269642773206d656d626572732028736f63696f73292068617665206f776e656420616e64206f706572617465642074686520636c7562207468726f7567686f75742069747320686973746f72792e, '9db50cb2554052a81acc23e84aeca3af.png', 1, '2019-08-30 00:43:34', NULL, '1'),
(2, 1, 'FC Barcelona', 0x467574626f6c20436c75622042617263656c6f6e612028436174616c616e2070726f6e756e63696174696f6e3a205b667562cb8862c9946c20cb886b6c75622062c999c9be73c999cb886c6f6ec9995d202841626f7574207468697320736f756e646c697374656e29292c20636f6d6d6f6e6c7920726566657272656420746f2061732042617263656c6f6e6120616e6420636f6c6c6f717569616c6c79206b6e6f776e20617320426172c3a76120285bcb886261c9be73c9995d292c2069732061205370616e6973682070726f66657373696f6e616c20666f6f7462616c6c20636c756220626173656420696e2042617263656c6f6e612c20436174616c6f6e69612c20537061696e2e0d0a0d0a466f756e64656420696e203138393920627920612067726f7570206f662053776973732c205370616e6973682c20456e676c6973682c20616e6420436174616c616e20666f6f7462616c6c657273206c6564206279204a6f616e2047616d7065722c2074686520636c756220686173206265636f6d6520612073796d626f6c206f6620436174616c616e2063756c7475726520616e6420436174616c616e69736d2c2068656e636520746865206d6f74746f20224dc3a9732071756520756e20636c7562222028224d6f7265207468616e206120636c756222292e20556e6c696b65206d616e79206f7468657220666f6f7462616c6c20636c7562732c2074686520737570706f7274657273206f776e20616e64206f7065726174652042617263656c6f6e612e2049742069732074686520666f757274682d6d6f73742076616c7561626c652073706f727473207465616d20696e2074686520776f726c642c20776f7274682024342e30362062696c6c696f6e2c20616e642074686520776f726c642773207365636f6e642d7269636865737420666f6f7462616c6c20636c756220696e207465726d73206f6620726576656e75652c207769746820616e20616e6e75616c207475726e6f766572206f6620e282ac3639302e34206d696c6c696f6e2e5b325d5b335d20546865206f6666696369616c2042617263656c6f6e6120616e7468656d20697320746865202243616e742064656c20426172c3a761222c207772697474656e206279204a61756d6520506963617320616e64204a6f736570204d6172696120457370696ec3a0732e5b345d0d0a0d0a446f6d6573746963616c6c792c2042617263656c6f6e612068617320776f6e2061207265636f72642037342074726f70686965733b203236204c61204c6967612c20333020436f70612064656c205265792c203133205375706572636f70612064652045737061c3b1612c203320436f706120457661204475617274652c20616e64203220436f7061206465206c61204c6967612074726f70686965732c2061732077656c6c206173206265696e6720746865207265636f726420686f6c64657220666f7220746865206c617474657220666f757220636f6d7065746974696f6e732e20496e20696e7465726e6174696f6e616c20636c756220666f6f7462616c6c2c2074686520636c75622068617320776f6e203230204575726f7065616e20616e6420776f726c6477696465207469746c65733b20352055454641204368616d70696f6e73204c6561677565207469746c65732c2061207265636f726420342055454641204375702057696e6e65727327204375702c2061206a6f696e74207265636f726420352055454641205375706572204375702c2061207265636f7264203320496e7465722d436974696573204661697273204375702c20616e642033204649464120436c756220576f726c64204375702e5b355d2042617263656c6f6e61207761732072616e6b656420666972737420696e2074686520496e7465726e6174696f6e616c2046656465726174696f6e206f6620466f6f7462616c6c20486973746f72792026205374617469737469637320436c756220576f726c642052616e6b696e6720666f7220313939372c20323030392c20323031312c20323031322c20616e6420323031355b365d5b375d20616e642063757272656e746c79206f6363757069657320746865207365636f6e6420706f736974696f6e206f6e20746865205545464120636c75622072616e6b696e67732e5b385d2054686520636c7562206861732061206c6f6e672d7374616e64696e6720726976616c72792077697468205265616c204d61647269643b206d617463686573206265747765656e207468652074776f207465616d732061726520726566657272656420746f20617320456c20436cc3a17369636f2e, '253a0f572fddc3ea9f0e6bddc03a3daf.png', 1, '2019-08-30 00:44:00', NULL, '1'),
(3, 1, 'Manchester United', 0x4d616e6368657374657220556e6974656420466f6f7462616c6c20436c756220697320612070726f66657373696f6e616c20666f6f7462616c6c20636c756220626173656420696e204f6c642054726166666f72642c2047726561746572204d616e636865737465722c20456e676c616e642c207468617420636f6d706574657320696e20746865205072656d696572204c65616775652c2074686520746f7020666c69676874206f6620456e676c69736820666f6f7462616c6c2e204e69636b6e616d656420227468652052656420446576696c73222c2074686520636c75622077617320666f756e646564206173204e6577746f6e204865617468204c595220466f6f7462616c6c20436c756220696e20313837382c206368616e67656420697473206e616d6520746f204d616e6368657374657220556e6974656420696e203139303220616e64206d6f76656420746f206974732063757272656e74207374616469756d2c204f6c642054726166666f72642c20696e20313931302e0d0a0d0a4d616e6368657374657220556e69746564206861766520776f6e206d6f72652074726f7068696573207468616e20616e79206f7468657220636c756220696e20456e676c69736820666f6f7462616c6c2c5b355d5b365d20776974682061207265636f7264203230204c6561677565207469746c65732c20313220464120437570732c2035204c6561677565204375707320616e642061207265636f726420323120464120436f6d6d756e69747920536869656c64732e20556e69746564206861766520616c736f20776f6e20332055454641204368616d70696f6e73204c6561677565732c20312055454641204575726f7061204c65616775652c20312055454641204375702057696e6e65727327204375702c20312055454641205375706572204375702c203120496e746572636f6e74696e656e74616c2043757020616e642031204649464120436c756220576f726c64204375702e20496e2031393938e2809339392c2074686520636c756220626563616d652074686520666972737420696e2074686520686973746f7279206f6620456e676c69736820666f6f7462616c6c20746f20616368696576652074686520636f6e74696e656e74616c204575726f7065616e20747265626c652e5b375d2042792077696e6e696e67207468652055454641204575726f7061204c656167756520696e2032303136e2809331372c207468657920626563616d65206f6e65206f66206669766520636c75627320746f206861766520776f6e20616c6c207468726565206d61696e205545464120636c756220636f6d7065746974696f6e732e, 'e6ae27b0bbce059e48dd097c1a1cba54.png', 1, '2019-08-30 00:44:29', NULL, '1'),
(4, 1, 'FC Bayern Munich', 0x4675c39f62616c6c2d436c75622042617965726e204dc3bc6e6368656e20652e562e2c20636f6d6d6f6e6c79206b6e6f776e2061732046432042617965726e204dc3bc6e6368656e20284765726d616e2070726f6e756e63696174696f6e3a205bca94c99b6620747365cb9020cb886261c9aac9906e20cb886dca8f6ec3a76ecca95d292c204643422c2042617965726e204d756e6963682c206f722046432042617965726e2c2069732061204765726d616e2073706f72747320636c756220626173656420696e204d756e6963682c20426176617269612e2049742069732062657374206b6e6f776e20666f72206974732070726f66657373696f6e616c20666f6f7462616c6c207465616d2c20776869636820706c61797320696e207468652042756e6465736c6967612c2074686520746f702074696572206f6620746865204765726d616e20666f6f7462616c6c206c65616775652073797374656d2c20616e6420697320746865206d6f7374207375636365737366756c20636c756220696e204765726d616e20666f6f7462616c6c20686973746f72792c20686176696e6720776f6e2061207265636f7264203239206e6174696f6e616c207469746c657320616e64203139206e6174696f6e616c20637570732e5b345d0d0a0d0a46432042617965726e2077617320666f756e64656420696e203139303020627920313120666f6f7462616c6c20706c61796572732c206c6564206279204672616e7a204a6f686e2e5b355d20416c74686f7567682042617965726e20776f6e20697473206669727374206e6174696f6e616c206368616d70696f6e7368697020696e20313933322c5b365d2074686520636c756220776173206e6f742073656c656374656420666f72207468652042756e6465736c6967612061742069747320696e63657074696f6e20696e20313936332e5b375d2054686520636c7562206861642069747320706572696f64206f66206772656174657374207375636365737320696e20746865206d6964646c65206f6620746865203139373073207768656e2c20756e64657220746865206361707461696e6379206f66204672616e7a204265636b656e62617565722c20697420776f6e20746865204575726f7065616e204375702074687265652074696d657320696e206120726f77202831393734e2809331393736292e204f766572616c6c2c2042617965726e2068617320726561636865642074656e204575726f7065616e204375702f55454641204368616d70696f6e73204c65616775652066696e616c732c206d6f737420726563656e746c792077696e6e696e67207468656972206669667468207469746c6520696e20323031332061732070617274206f66206120636f6e74696e656e74616c20747265626c652e2042617965726e2068617320616c736f20776f6e206f6e652055454641204375702c206f6e65204575726f7065616e204375702057696e6e65727327204375702c206f6e652055454641205375706572204375702c206f6e65204649464120436c756220576f726c642043757020616e642074776f20496e746572636f6e74696e656e74616c20437570732c206d616b696e67206974206f6e65206f6620746865206d6f7374207375636365737366756c204575726f7065616e20636c75627320696e7465726e6174696f6e616c6c7920616e6420746865206f6e6c79204765726d616e20636c756220746f206861766520776f6e20626f746820696e7465726e6174696f6e616c207469746c65732e2053696e63652074686520666f726d6174696f6e206f66207468652042756e6465736c6967612c2042617965726e20686173206265656e2074686520646f6d696e616e7420636c756220696e204765726d616e20666f6f7462616c6c2c2077696e6e696e67203238207469746c65732c20696e636c7564696e6720736576656e20636f6e73656375746976656c792073696e636520323031332e2054686579206861766520747261646974696f6e616c206c6f63616c20726976616c7269657320776974682031383630204d756e69636820616e6420312e204643204ec3bc726e626572672c2061732077656c6c206173207769746820426f72757373696120446f72746d756e642073696e636520746865206d69642d31393930732e, 'c7051765e50e198671531d8003d0f1a4.png', 1, '2019-08-30 00:45:23', '2019-08-30 12:47:21', '1'),
(5, 1, 'Manchester City F.C.', 0x4d616e63686573746572204369747920466f6f7462616c6c20436c756220697320616e20456e676c69736820666f6f7462616c6c20636c756220626173656420696e204d616e636865737465722c207468617420636f6d706574657320696e20746865205072656d696572204c65616775652c2074686520746f7020666c69676874206f6620456e676c69736820666f6f7462616c6c2e20466f756e64656420696e20313838302061732053742e204d61726b277320285765737420476f72746f6e292c20697420626563616d65204172647769636b204173736f63696174696f6e20466f6f7462616c6c20436c756220696e203138383720616e64204d616e63686573746572204369747920696e20313839342e2054686520636c7562277320686f6d652067726f756e64206973207468652043697479206f66204d616e63686573746572205374616469756d20696e2065617374204d616e636865737465722c20746f207768696368206974206d6f76656420696e20323030332c20686176696e6720706c61796564206174204d61696e6520526f61642073696e636520313932332e0d0a0d0a4d616e63686573746572204369747920656e74657265642074686520466f6f7462616c6c204c656167756520696e20313839392c20616e6420776f6e207468656972206669727374206d616a6f7220686f6e6f75722077697468207468652046412043757020696e20313930342e2049742068616420697473206669727374206d616a6f7220706572696f64206f66207375636365737320696e20746865206c6174652031393630732c2077696e6e696e6720746865204c65616775652c2046412043757020616e64204c65616775652043757020756e64657220746865206d616e6167656d656e74206f66204a6f65204d657263657220616e64204d616c636f6c6d20416c6c69736f6e2e204166746572206c6f73696e67207468652031393831204641204375702046696e616c2c2074686520636c75622077656e74207468726f756768206120706572696f64206f66206465636c696e652c207768696368206576656e7475616c6c7920736177207468656d2072656c6567617465642061732066617220646f776e2061732074686972642074696572206f6620456e676c69736820666f6f7462616c6c2062792074686520656e64206f66207468652031393937e28093393820736561736f6e2e20546865792073696e63652072656761696e65642070726f6d6f74696f6e20746f2074686520746f70207469657220696e2032303031e28093303220616e6420686176652072656d61696e65642061206669787475726520696e20746865205072656d696572204c65616775652073696e63652032303032e2809330332e20496e20323030382c204d616e63686573746572204369747920776173207075726368617365642062792041627520446861626920556e697465642047726f757020666f7220c2a3323130206d696c6c696f6e20616e6420726563656976656420636f6e736964657261626c652066696e616e6369616c20696e766573746d656e742e, 'e89a08e8d02ab1a263767f593409d917.png', 1, '2019-08-30 00:45:49', NULL, '1'),
(6, 1, 'Chelsea F.C.', 0x4368656c73656120466f6f7462616c6c20436c756220697320616e20456e676c6973682070726f66657373696f6e616c20666f6f7462616c6c20636c75622e20466f756e64656420696e20313930352c207468657920636f6d7065746520696e20746865205072656d696572204c65616775652c2074686520746f70206469766973696f6e206f6620456e676c69736820666f6f7462616c6c2e204368656c7365612061726520616d6f6e6720456e676c616e642773206d6f7374207375636365737366756c20636c7562732c20686176696e6720776f6e206f7665722074686972747920636f6d706574697469766520686f6e6f7572732c20696e636c7564696e67203620746f702d666c69676874207469746c65732c203820464120437570732c2035204c656167756520437570732c20322055454641204575726f7061204c6561677565732c20322055454641204375702057696e6e6572732720437570732c20312055454641204368616d70696f6e73204c65616775652c20616e6420312055454641205375706572204375702e20546865697220686f6d652067726f756e64206973205374616d666f72642042726964676520696e2046756c68616d2c204c6f6e646f6e2e5b345d0d0a0d0a4368656c73656120776f6e207468656972206669727374206d616a6f7220686f6e6f75722c20746865204c6561677565204368616d70696f6e736869702c20696e20313935352e205468657920776f6e207468652046412043757020666f72207468652066697273742074696d6520696e203139373020616e64207468656972206669727374204575726f7065616e20686f6e6f75722c207468652055454641204375702057696e6e65727327204375702c20696e20313937312e204166746572206120706572696f64206f66206465636c696e6520696e20746865206c61746520313937307320616e642031393830732c2074686520636c756220656e6a6f7965642061207265766976616c20696e2074686520313939307320616e6420686164206d6f7265207375636365737320696e2063757020636f6d7065746974696f6e732e2054686520706173742074776f20646563616465732068617665206265656e20746865206d6f7374207375636365737366756c20696e204368656c736561277320686973746f72792c2077696e6e696e672066697665206f6620746865697220736978206c6561677565207469746c657320616e64207468652055454641204368616d70696f6e73204c65616775652e5b355d204368656c73656120617265206f6e65206f66206669766520636c75627320746f206861766520776f6e20616c6c207468726565206f6620554546412773206d61696e20636c756220636f6d7065746974696f6e732c20616e6420746865206f6e6c79204c6f6e646f6e20636c756220746f206861766520776f6e20746865204368616d70696f6e73204c65616775652e, '8330e1ab6bc691dbccccb888c626cb9d.png', 1, '2019-08-30 00:46:15', NULL, '1'),
(7, 1, 'Arsenal F.C.', 0x417273656e616c20466f6f7462616c6c20436c756220697320612070726f66657373696f6e616c20666f6f7462616c6c20636c756220626173656420696e2049736c696e67746f6e2c204c6f6e646f6e2c20456e676c616e642c207468617420706c61797320696e20746865205072656d696572204c65616775652c2074686520746f7020666c69676874206f6620456e676c69736820666f6f7462616c6c2e2054686520436c75622068617320776f6e203133204c6561677565207469746c65732c2061207265636f726420313320464120437570732c2032204c656167756520437570732c20313520464120436f6d6d756e69747920536869656c64732c2031204c65616775652043656e74656e6172792054726f7068792c20312055454641204375702057696e6e657273272043757020616e64203120496e7465722d436974696573204661697273204375702e0d0a0d0a417273656e616c207761732074686520666972737420636c75622066726f6d2074686520536f757468206f6620456e676c616e6420746f206a6f696e2054686520466f6f7462616c6c204c65616775652c20696e20313839332c20616e642074686579207265616368656420746865204669727374204469766973696f6e20696e20313930342e2052656c656761746564206f6e6c79206f6e63652c20696e20313931332c207468657920636f6e74696e756520746865206c6f6e676573742073747265616b20696e2074686520746f70206469766973696f6e2c5b345d20616e64206861766520776f6e20746865207365636f6e642d6d6f737420746f702d666c69676874206d61746368657320696e20456e676c69736820666f6f7462616c6c20686973746f72792e5b355d20496e207468652031393330732c20417273656e616c20776f6e2066697665204c6561677565204368616d70696f6e736869707320616e642074776f20464120437570732c20616e6420616e6f746865722046412043757020616e642074776f204368616d70696f6e736869707320616674657220746865207761722e20496e2031393730e2809337312c207468657920776f6e207468656972206669727374204c656167756520616e642046412043757020446f75626c652e204265747765656e203139383920616e6420323030352c207468657920776f6e2066697665204c6561677565207469746c657320616e64206669766520464120437570732c20696e636c7564696e672074776f206d6f726520446f75626c65732e205468657920636f6d706c657465642074686520323074682063656e7475727920776974682074686520686967686573742061766572616765206c656167756520706f736974696f6e2e5b365d, 'f9d0ddc0d72203c03f1beb35e8fb0978.png', 1, '2019-08-30 00:46:47', '2019-08-30 01:11:06', '1'),
(8, 2, 'Australia national cricket team', 0x546865204175737472616c69616e206d656e2773206e6174696f6e616c20637269636b6574207465616d20726570726573656e7473204175737472616c696120696e20696e7465726e6174696f6e616c20637269636b65742e204173206f6e65206f6620746865206f6c64657374207465616d7320696e205465737420637269636b657420686973746f72792c20706c6179696e6720696e2074686520666972737420657665722054657374206d6174636820696e20313837372c5b395d20746865207465616d20616c736f20706c617973204f6e652d44617920496e7465726e6174696f6e616c20284f44492920616e64205477656e7479323020496e7465726e6174696f6e616c2028543230492920637269636b65742c2070617274696369706174696e6720696e20626f746820746865206669727374204f44492c20616761696e737420456e676c616e6420696e207468652031393730e28093373120736561736f6e5b31305d20616e642074686520666972737420543230492c20616761696e7374204e6577205a65616c616e6420696e207468652032303034e28093303520736561736f6e2c5b31315d2077696e6e696e6720626f74682067616d65732e20546865207465616d2064726177732069747320706c61796572732066726f6d207465616d7320706c6179696e6720696e20746865204175737472616c69616e20646f6d657374696320636f6d7065746974696f6e7320e280932074686520536865666669656c6420536869656c642c20746865204175737472616c69616e20646f6d6573746963206c696d697465642d6f7665727320637269636b657420746f75726e616d656e7420616e6420746865204269672042617368204c65616775652e, '25478b57e5b4f1799209222ea5cf10e8.png', 1, '2019-08-30 00:50:14', NULL, '1'),
(9, 2, 'Canada national cricket team', 0x5468652043616e616461206e6174696f6e616c20637269636b6574207465616d20697320746865207465616d207468617420726570726573656e74732074686520636f756e747279206f662043616e61646120696e20696e7465726e6174696f6e616c20637269636b65742e20546865207465616d206973206f7267616e6973656420627920437269636b65742043616e6164612c20776869636820626563616d6520616e204173736f6369617465204d656d626572206f662074686520496e7465726e6174696f6e616c20437269636b657420436f756e63696c20284943432920696e20313936382e0d0a0d0a576974682074686520556e69746564205374617465732c2043616e61646120776173206f6e65206f66207468652074776f207061727469636970616e747320696e20746865206669727374206576657220696e7465726e6174696f6e616c20637269636b6574206d617463682c20706c6179656420696e204e657720596f726b204369747920696e20313834342e2054686520616e6e75616c2043616e616461e28093552e532e2066697874757265206973206e6f77206b6e6f776e206173207468652041757479204375702e2043616e616461277320666972737420696e7465726e6174696f6e616c206d6174636820616761696e73742061207465616d206f74686572207468616e2074686520552e532e2063616d6520696e20313933322c207768656e204175737472616c696120746f757265642e5b375d20417320776974682074686520494343206173736f6369617465206d656d626572732c20746865207465616d2773206669727374206d616a6f7220696e7465726e6174696f6e616c20746f75726e616d656e7420776173207468652031393739204943432054726f70687920696e20456e676c616e642c2077686572652074686579207175616c696669656420666f7220746865203139373920576f726c642043757020616674657220706c6163696e67207365636f6e6420746f20537269204c616e6b612e20416674657220746861742c2043616e61646120646964206e6f74206d616b6520616e6f7468657220576f726c642043757020756e74696c20323030332c20616c74686f75676820746865792072656d61696e6564206f6e65206f6620746865206c656164696e67206173736f6369617465207465616d732e2046726f6d203230303620746f20323031332c2043616e6164612068616420626f7468204f6e652044617920496e7465726e6174696f6e616c20284f44492920616e64205477656e7479323020496e7465726e6174696f6e616c207374617475732c206d616b696e6720617070656172616e63657320617420746865203230303720616e64203230313120576f726c6420437570732e20486f77657665722c2073696e63652074686520696e74726f64756374696f6e206f6620746865206e657720576f726c6420437269636b6574204c6561677565206469766973696f6e616c207374727563747572652c20746865207465616d20686173206265656e206c657373207375636365737366756c20e28093207468657920706c6163656420616d6f6e6773742074686520626f74746f6d207465616d7320617420746865203230313420576f726c6420437570205175616c696669657220616e642074686520323031352057434c204469766973696f6e2054776f20746f75726e616d656e74732c20616e64207765726520636f6e73657175656e746c792072656c65676174656420746f207468652032303137204469766973696f6e205468726565206576656e742e, '8beee4e15e06c113212df4386bb7c8b8.png', 1, '2019-08-30 00:51:19', NULL, '1'),
(10, 2, 'South Africa national cricket team', 0x54686520536f757468204166726963616e206e6174696f6e616c20637269636b6574207465616d20616c736f206b6e6f776e2061732050726f746561732028616674657220536f757468204166726963612773206e6174696f6e616c20666c6f7765722c2050726f7465612063796e61726f696465732c20636f6d6d6f6e6c79206b6e6f776e2061732074686520e280986b696e672070726f746561e28099292c2069732061646d696e6973746572656420627920437269636b657420536f757468204166726963612e20536f7574682041667269636120697320612066756c6c206d656d626572206f662074686520496e7465726e6174696f6e616c20437269636b657420436f756e63696c202849434329207769746820546573742c204f6e652d44617920496e7465726e6174696f6e616c20284f44492920616e64205477656e7479323020496e7465726e6174696f6e616c20285432304929207374617475732e0d0a0d0a536f7574682041667269636120656e74657265642066697273742d636c61737320616e6420696e7465726e6174696f6e616c20637269636b6574206174207468652073616d652074696d65207768656e207468657920686f7374656420616e20456e676c616e6420637269636b6574207465616d20696e207468652031383838e28093383920736561736f6e2e2041742066697273742c20746865207465616d20776173206e6f206d6174636820666f72204175737472616c6961206f7220456e676c616e64206275742c20686176696e67206761696e656420696e20657870657269656e636520616e64206578706572746973652c207468657920776572652061626c6520746f206669656c64206120636f6d7065746974697665207465616d20696e2074686520666972737420646563616465206f662074686520323074682063656e747572792e20546865207465616d20726567756c61726c7920706c6179656420616761696e7374204175737472616c69612c20456e676c616e6420616e64204e6577205a65616c616e64207468726f75676820746f207468652031393630732c2062792077686963682074696d652074686572652077617320636f6e736964657261626c65206f70706f736974696f6e20746f2074686520636f756e74727927732061706172746865696420706f6c69637920616e6420616e20696e7465726e6174696f6e616c2062616e2077617320696d706f73656420627920746865204943432c20636f6d6d656e737572617465207769746820616374696f6e732074616b656e206279206f7468657220676c6f62616c2073706f7274696e6720626f646965732e205768656e207468652062616e2077617320696d706f7365642c20536f757468204166726963612068616420646576656c6f70656420746f206120706f696e7420776865726520697473207465616d20696e636c7564696e67204564646965204261726c6f772c20477261656d6520506f6c6c6f636b20616e64204d696b652050726f6374657220776173206172677561626c7920746865206265737420696e2074686520776f726c6420616e6420686164206a757374206f7574706c61796564204175737472616c69612e, 'f129509532e92c79f1ad79860db04cba.png', 1, '2019-08-30 00:51:50', '2019-08-30 01:23:55', '1'),
(11, 2, 'England cricket team', 0x54686520456e676c616e6420637269636b6574207465616d20726570726573656e747320456e676c616e6420616e642057616c657320696e20696e7465726e6174696f6e616c20637269636b65742e2053696e636520313939372c20697420686173206265656e20676f7665726e65642062792074686520456e676c616e6420616e642057616c657320437269636b657420426f6172642028454342292c20686176696e67206265656e2070726576696f75736c7920676f7665726e6564206279204d6172796c65626f6e6520437269636b657420436c75622028746865204d4343292073696e636520313930332e5b385d5b395d20456e676c616e642c206173206120666f756e64696e67206e6174696f6e2c20697320612046756c6c204d656d626572206f662074686520496e7465726e6174696f6e616c20437269636b657420436f756e63696c202849434329207769746820546573742c204f6e652044617920496e7465726e6174696f6e616c20284f44492920616e64205477656e7479323020496e7465726e6174696f6e616c20285432304929207374617475732e20556e74696c207468652031393930732c2053636f747469736820616e6420497269736820706c617965727320616c736f20706c6179656420666f7220456e676c616e642061732074686f736520636f756e74726965732077657265206e6f742079657420494343206d656d6265727320696e207468656972206f776e2072696768742e0d0a0d0a456e676c616e6420616e64204175737472616c6961207765726520746865206669727374207465616d7320746f20706c617920612054657374206d6174636820283135e280933139204d617263682031383737292c20616e6420616c6f6e67207769746820536f757468204166726963612c207468657365206e6174696f6e7320666f726d65642074686520496d70657269616c20437269636b657420436f6e666572656e63652028746865207072656465636573736f7220746f20746f646179277320496e7465726e6174696f6e616c20437269636b657420436f756e63696c29206f6e203135204a756e6520313930392e20456e676c616e6420616e64204175737472616c696120616c736f20706c6179656420746865206669727374204f4449206f6e2035204a616e7561727920313937312e20456e676c616e64277320666972737420543230492077617320706c61796564206f6e203133204a756e6520323030352c206f6e6365206d6f726520616761696e7374204175737472616c69612e, '3ae03cd710f6db844ff64bf21b29e782.png', 1, '2019-08-30 00:52:16', NULL, '1'),
(12, 2, 'India national cricket team', 0x54686520496e646961206d656e2773206e6174696f6e616c20637269636b6574207465616d2c20616c736f206b6e6f776e206173205465616d20496e6469615b385d20616e64204d656e20696e20426c75652c5b395d20697320676f7665726e65642062792074686520426f617264206f6620436f6e74726f6c20666f7220437269636b657420696e20496e646961202842434349292c20616e6420697320612046756c6c204d656d626572206f662074686520496e7465726e6174696f6e616c20437269636b657420436f756e63696c202849434329207769746820546573742c204f6e652d44617920496e7465726e6174696f6e616c20284f44492920616e64205477656e7479323020496e7465726e6174696f6e616c20285432304929207374617475732e0d0a0d0a416c74686f75676820637269636b65742077617320696e74726f647563656420746f20496e646961206279204575726f7065616e206d65726368616e74207361696c6f727320696e2074686520313874682063656e747572792c20616e642074686520666972737420637269636b657420636c7562207761732065737461626c697368656420696e2043616c6375747461202863757272656e746c79206b6e6f776e206173204b6f6c6b6174612920696e20313739322c20496e6469612773206e6174696f6e616c20637269636b6574207465616d20646964206e6f7420706c6179206974732066697273742054657374206d6174636820756e74696c203235204a756e652031393332206174204c6f726427732c206265636f6d696e6720746865207369787468207465616d20746f206265206772616e746564205465737420637269636b6574207374617475732e20496e20697473206669727374206669667479207965617273206f6620696e7465726e6174696f6e616c20637269636b65742c20496e64696120776173206f6e65206f6620746865207765616b6572207465616d732c2077696e6e696e67206f6e6c79203335206f6620746865206669727374203139362054657374206d61746368657320697420706c617965642e2046726f6d203139333220496e6469612068616420746f207761697420756e74696c20313935322c20616c6d6f737420323020796561727320666f7220697473206669727374205465737420766963746f72792e20546865207465616d2c20686f77657665722c206761696e656420737472656e67746820696e2074686520313937307320776974682074686520656d657267656e6365206f6620706c6179657273207375636820617320626174736d656e2053756e696c2047617661736b617220616e642047756e64617070612056697377616e6174682c20616c6c2d726f756e646572204b6170696c2044657620616e642074686520496e6469616e207370696e2071756172746574206f662045726170616c6c692050726173616e6e612c205372696e697661732056656e6b617461726167686176616e2c2042686167776174204368616e64726173656b68617220616e642042697368656e2053696e676820426564692e, 'c8e521348ab3ddb0393c0746d62aaa22.webp', 1, '2019-08-30 00:52:49', NULL, '1'),
(13, 2, 'New Zealand national cricket team', 0x546865204e6577205a65616c616e64206e6174696f6e616c20637269636b6574207465616d20726570726573656e7473204e6577205a65616c616e6420696e20696e7465726e6174696f6e616c20637269636b65742e204e69636b6e616d65642074686520426c61636b20436170732c207468657920706c61796564207468656972206669727374205465737420696e203139333020616761696e737420456e676c616e6420696e204368726973746368757263682c206265636f6d696e672074686520666966746820636f756e74727920746f20706c6179205465737420637269636b65742e2046726f6d2031393330204e6577205a65616c616e642068616420746f207761697420756e74696c20313935362c206d6f7265207468616e2032362079656172732c20666f7220697473206669727374205465737420766963746f72792c20616761696e737420746865205765737420496e64696573206174204564656e205061726b20696e204175636b6c616e642e5b385d205468657920706c61796564207468656972206669727374204f444920696e207468652031393732e28093373320736561736f6e20616761696e73742050616b697374616e20696e204368726973746368757263682e0d0a0d0a5468652063757272656e74206361707461696e20696e20616c6c20666f726d617473206f66207468652067616d65206973204b616e652057696c6c69616d736f6e2c2077686f207265706c61636564204272656e646f6e204d6343756c6c756d20616674657220746865206c61747465722773207265746972656d656e7420696e20446563656d62657220323031352e20546865206e6174696f6e616c207465616d206973206f7267616e69736564206279204e6577205a65616c616e6420437269636b65742e0d0a0d0a546865204e6577205a65616c616e6420637269636b6574207465616d20626563616d65206b6e6f776e2061732074686520426c61636b204361707320696e204a616e7561727920313939382c206166746572206974732073706f6e736f72206174207468652074696d652c20436c65617220436f6d6d756e69636174696f6e732c2068656c64206120636f6d7065746974696f6e20746f2063686f6f73652061206e616d6520666f7220746865207465616d2e5b395d2054686973206973206f6e65206f66206d616e79206e6174696f6e616c207465616d206e69636b6e616d65732072656c6174656420746f2074686520416c6c20426c61636b732e, 'bb0162519bbbcca48da081383d8202bc.png', 1, '2019-08-30 00:53:28', NULL, '1'),
(14, 2, 'West Indies cricket team', 0x546865205765737420496e6469657320637269636b6574207465616d2069732061206d756c74692d6e6174696f6e616c206d656e277320637269636b6574207465616d20726570726573656e74696e672074686520416e676c6f70686f6e652043617269626265616e20726567696f6e20616e642061646d696e6973746572656420627920437269636b6574205765737420496e646965732e2054686520706c6179657273206f6e207468697320636f6d706f73697465207465616d206172652073656c65637465642066726f6d206120636861696e206f66206669667465656e2043617269626265616e207465727269746f726965732c20776869636820617265207061727473206f66207365766572616c20646966666572656e7420636f756e747269657320616e6420646570656e64656e636965732e204173206f66203234204a756e6520323031382c20746865205765737420496e6469657320637269636b6574207465616d2069732072616e6b6564206e696e746820696e2074686520776f726c6420696e2054657374732c206e696e746820696e204f6e652d44617920496e7465726e6174696f6e616c7320284f4449732920616e6420736576656e746820696e205477656e7479323020496e7465726e6174696f6e616c73202854323049732920696e20746865206f6666696369616c20496e7465726e6174696f6e616c20437269636b657420436f756e63696c2028494343292072616e6b696e67732e5b385d, 'd8c59d2603fe3445a78d903c20be6b3a.png', 1, '2019-08-30 00:53:51', NULL, '1'),
(15, 5, 'Baltimore Orioles', 0x5468652042616c74696d6f7265204f72696f6c65732061726520616e20416d65726963616e2070726f66657373696f6e616c206261736562616c6c207465616d20626173656420696e2042616c74696d6f72652c204d6172796c616e642e204173206f6e65206f662074686520416d65726963616e204c656167756527732065696768742063686172746572207465616d7320696e20313930312c207468697320706172746963756c6172206672616e6368697365207370656e742069747320666972737420796561722061732061206d616a6f72206c656167756520636c756220696e204d696c7761756b65652c20576973636f6e73696e2c20617320746865204d696c7761756b65652042726577657273206265666f7265206d6f76696e6720746f2053742e204c6f7569732c204d6973736f7572692c20746f206265636f6d65207468652053742e204c6f7569732042726f776e7320696e20313930322e20416674657220353220796561727320696e2053742e204c6f7569732c20746865206672616e6368697365207761732070757263686173656420696e204e6f76656d626572203139353320627920612073796e646963617465206f662042616c74696d6f726520627573696e65737320616e6420636976696320696e74657265737473206c6564206279206174746f726e65792f636976696320616374697669737420436c6172656e6365204d696c657320616e64204d61796f722054686f6d6173204427416c6573616e64726f204a722e20546865207465616d27732063757272656e74206f776e657220697320416d65726963616e20747269616c206c617779657220506574657220416e67656c6f732e, '02551f8fd6a708a56c417ba70dd9f288.png', 1, '2019-08-30 01:03:34', NULL, '1'),
(16, 5, 'Boston Red Sox', 0x54686520426f73746f6e2052656420536f782061726520616e20416d65726963616e2070726f66657373696f6e616c206261736562616c6c207465616d20626173656420696e20426f73746f6e2c204d6173736163687573657474732e205468652052656420536f7820636f6d7065746520696e204d616a6f72204c6561677565204261736562616c6c20284d4c42292061732061206d656d62657220636c7562206f662074686520416d65726963616e204c65616775652028414c292045617374206469766973696f6e2e205468652052656420536f78206861766520776f6e206e696e6520576f726c6420536572696573206368616d70696f6e73686970732c207469656420666f72207468652074686972642d6d6f7374206f6620616e79204d4c42207465616d2c20616e642074686579206861766520706c6179656420696e2031332e205468656972206d6f737420726563656e7420617070656172616e636520616e642077696e2077617320696e20323031382e20496e206164646974696f6e2c207468657920776f6e20746865203139303420416d65726963616e204c65616775652070656e6e616e742c206275742077657265206e6f742061626c6520746f20646566656e64207468656972203139303320576f726c6420536572696573206368616d70696f6e73686970207768656e20746865204e657720596f726b204769616e7473207265667573656420746f20706172746963697061746520696e20746865203139303420576f726c64205365726965732e20466f756e64656420696e2031393031206173206f6e65206f662074686520416d65726963616e204c656167756527732065696768742063686172746572206672616e6368697365732c207468652052656420536f782720686f6d652062616c6c7061726b20686173206265656e2046656e776179205061726b2073696e636520313931322e20546865202252656420536f7822206e616d65207761732063686f73656e20627920746865207465616d206f776e65722c204a6f686e20492e205461796c6f722c20636972636120313930382c20666f6c6c6f77696e6720746865206c656164206f662070726576696f7573207465616d73207468617420686164206265656e206b6e6f776e206173207468652022426f73746f6e205265642053746f636b696e6773222c20696e636c7564696e672074686520666f726572756e6e6572206f66207468652041746c616e7461204272617665732e, '64f37a7de21717a028681dbba3926f97.png', 1, '2019-08-30 01:04:43', NULL, '1'),
(17, 5, 'New York Yankees', 0x546865204e657720596f726b2059616e6b6565732061726520616e20416d65726963616e2070726f66657373696f6e616c206261736562616c6c207465616d20626173656420696e20746865204e657720596f726b204369747920626f726f756768206f66207468652042726f6e782e205468652059616e6b65657320636f6d7065746520696e204d616a6f72204c6561677565204261736562616c6c20284d4c42292061732061206d656d62657220636c7562206f662074686520416d65726963616e204c65616775652028414c292045617374206469766973696f6e2e205468657920617265206f6e65206f662074776f206d616a6f72206c656167756520636c75627320626173656420696e204e657720596f726b20436974792c20746865206f74686572206265696e6720746865204e6174696f6e616c204c656167756520284e4c292773204e657720596f726b204d6574732e205468652059616e6b656573206672616e636869736520626567616e20706c617920696e20746865203139303120736561736f6e206173207468652042616c74696d6f7265204f72696f6c657320286e6f2072656c6174696f6e20746f20746865206d6f6465726e2042616c74696d6f7265204f72696f6c6573292e20496e20313930332c204672616e6b2046617272656c6c20616e642042696c6c204465766572792070757263686173656420746865206672616e636869736520616674657220697420636561736564206f7065726174696f6e7320616e64206d6f76656420697420746f204e657720596f726b20436974792c2072656e616d696e672074686520636c756220746865204e657720596f726b20486967686c616e646572732e5b335d2054686520486967686c616e646572732077657265206f6666696369616c6c792072656e616d6564207468652059616e6b65657320696e20313931332e5b335d, '8e26eac41a4bb408570fbd85e45ef891.png', 1, '2019-08-30 01:05:22', NULL, '1'),
(18, 5, 'Tampa Bay Rays', 0x5468652054616d70612042617920526179732061726520616e20416d65726963616e2070726f66657373696f6e616c206261736562616c6c207465616d20626173656420696e2053742e20506574657273627572672c20466c6f726964612e20546865205261797320636f6d7065746520696e204d616a6f72204c6561677565204261736562616c6c20284d4c42292061732061206d656d626572206f662074686520416d65726963616e204c65616775652028414c292045617374206469766973696f6e2e2053696e63652069747320696e63657074696f6e2c20746865207465616d277320686f6d652076656e756520686173206265656e2054726f706963616e61204669656c642e0d0a0d0a466f6c6c6f77696e67206e6561726c792074687265652064656361646573206f6620756e7375636365737366756c6c7920747279696e6720746f206761696e20616e20657870616e73696f6e206672616e6368697365206f7220656e746963696e67206578697374696e67207465616d7320746f2072656c6f6361746520746f207468652054616d70612042617920417265612c20616e206f776e6572736869702067726f7570206c65642062792056696e6365204e61696d6f6c692077617320617070726f766564206f6e204d6172636820392c20313939352e205468652054616d70612042617920446576696c205261797320626567616e20706c617920696e207468652031393938204d616a6f72204c6561677565204261736562616c6c20736561736f6e2e, '7b74ca9c8c32ee4b8ed668c53797de36.png', 1, '2019-08-30 01:05:53', NULL, '1'),
(19, 5, 'Toronto Blue Jays', 0x54686520546f726f6e746f20426c7565204a6179732061726520612043616e616469616e2070726f66657373696f6e616c206261736562616c6c207465616d20626173656420696e20546f726f6e746f2c204f6e746172696f2e2054686520426c7565204a61797320636f6d7065746520696e204d616a6f72204c6561677565204261736562616c6c20284d4c42292061732061206d656d62657220636c7562206f662074686520416d65726963616e204c65616775652028414c292045617374206469766973696f6e2e20546865207465616d20706c6179732069747320686f6d652067616d65732061742074686520526f676572732043656e7472652e0d0a0d0a5468652022426c7565204a61797322206e616d65206f726967696e617465732066726f6d207468652062697264206f66207468652073616d65206e616d652c20616e6420626c756520697320616c736f2074686520747261646974696f6e616c20636f6c6f7572206f662074776f206f6620546f726f6e746f2773206f746865722070726f66657373696f6e616c2073706f727473207465616d733a20746865204d61706c65204c65616673202869636520686f636b65792920616e6420746865204172676f6e61757473202843616e616469616e20666f6f7462616c6c292e20496e206164646974696f6e2c20746865207465616d20776173206f726967696e616c6c79206f776e656420627920746865204c61626174742042726577696e6720436f6d70616e792c206d616b657273206f662074686520706f70756c61722062656572204c6162617474277320426c75652e20436f6c6c6f717569616c6c79206e69636b6e616d65642074686520224a617973222c20746865207465616d2773206f6666696369616c20636f6c6f7572732061726520726f79616c20626c75652c206e61767920626c75652c207265642c20616e642077686974652e5b345d20416e20657870616e73696f6e206672616e63686973652c2074686520636c75622077617320666f756e64656420696e20546f726f6e746f20696e20313937372e204f726967696e616c6c792062617365642061742045786869626974696f6e205374616469756d2c20746865207465616d20626567616e20706c6179696e672069747320686f6d652067616d65732061742074686520536b79446f6d652075706f6e20697473206f70656e696e6720696e20313938392e2053696e636520323030302c2074686520426c7565204a6179732068617665206265656e206f776e656420627920526f6765727320436f6d6d756e69636174696f6e7320616e6420696e20323030342c2074686520536b79446f6d652077617320707572636861736564206279207468617420636f6d70616e792c2077686963682072656e616d656420697420526f676572732043656e7472652e20546865792061726520746865207365636f6e64204d4c42206672616e636869736520746f206265206261736564206f7574736964652074686520556e69746564205374617465732c20616e642063757272656e746c7920746865206f6e6c79207465616d206261736564206f7574736964652074686520552e532e206166746572207468652066697273742043616e616469616e206672616e63686973652c20746865204d6f6e747265616c204578706f732c20626563616d65207468652057617368696e67746f6e204e6174696f6e616c7320696e20323030352e, 'a2d5b70c4dce4a88234c57a16882682f.png', 1, '2019-08-30 01:06:23', NULL, '1'),
(20, 5, 'Chicago White Sox', 0x546865204368696361676f20576869746520536f782061726520616e20416d65726963616e2070726f66657373696f6e616c206261736562616c6c207465616d20626173656420696e204368696361676f2c20496c6c696e6f69732e2054686520576869746520536f7820636f6d7065746520696e204d616a6f72204c6561677565204261736562616c6c20284d4c42292061732061206d656d62657220636c7562206f662074686520416d65726963616e204c65616775652028414c292043656e7472616c206469766973696f6e2e2054686520576869746520536f7820617265206f776e6564206279204a65727279205265696e73646f72662c20616e6420706c617920746865697220686f6d652067616d65732061742047756172616e746565642052617465204669656c642c206c6f6361746564206f6e207468652063697479277320536f75746820536964652e205468657920617265206f6e65206f662074776f206d616a6f72206c656167756520636c75627320696e204368696361676f3b20746865206f7468657220697320746865204368696361676f20437562732c2077686f206172652061206d656d626572206f6620746865204e6174696f6e616c204c656167756520284e4c292043656e7472616c206469766973696f6e2e0d0a0d0a4f6e65206f662074686520416d65726963616e204c656167756527732065696768742063686172746572206672616e6368697365732c20746865206672616e6368697365207761732065737461626c69736865642061732061206d616a6f72206c6561677565206261736562616c6c20636c756220696e20313930312e2054686520636c756220776173206f726967696e616c6c792063616c6c656420746865204368696361676f2057686974652053746f636b696e67732c2062757420746869732077617320736f6f6e2073686f7274656e656420746f204368696361676f20576869746520536f782e20546865207465616d206f726967696e616c6c7920706c6179656420686f6d652067616d657320617420536f7574682053696465205061726b206265666f7265206d6f76696e6720746f20436f6d69736b6579205061726b20696e20313931302c207768657265207468657920706c6179656420756e74696c2047756172616e746565642052617465204669656c6420286f726967696e616c6c79206b6e6f776e20617320436f6d69736b6579205061726b20616e64207468656e206b6e6f776e20617320552e532e2043656c6c756c6172204669656c6429206f70656e656420696e20313939312e, 'd357b8b2e7f934d10cb92dd82cf9fa12.png', 1, '2019-08-30 01:06:51', NULL, '1'),
(21, 5, 'Cleveland Indians', 0x54686520436c6576656c616e6420496e6469616e732061726520616e20416d65726963616e2070726f66657373696f6e616c206261736562616c6c207465616d20626173656420696e20436c6576656c616e642c204f68696f2e2054686520496e6469616e7320636f6d7065746520696e204d616a6f72204c6561677565204261736562616c6c20284d4c42292061732061206d656d62657220636c7562206f662074686520416d65726963616e204c65616775652028414c292043656e7472616c206469766973696f6e2e2053696e636520313939342c2074686579206861766520706c617965642061742050726f6772657373697665204669656c642e20546865207465616d277320737072696e6720747261696e696e6720666163696c69747920697320617420476f6f64796561722042616c6c7061726b20696e20476f6f64796561722c204172697a6f6e612e5b315d2053696e63652074686569722065737461626c6973686d656e742061732061206d616a6f72206c6561677565206672616e636869736520696e20313930312c2074686520496e6469616e73206861766520776f6e2074776f20576f726c6420536572696573206368616d70696f6e73686970733a20696e203139323020616e6420313934382c20616c6f6e6720776974682031302043656e7472616c204469766973696f6e207469746c657320616e642073697820416d65726963616e204c65616775652070656e6e616e74732e2054686520496e6469616e73272063757272656e7420576f726c6420536572696573206368616d70696f6e736869702064726f7567687420697320746865206c6f6e67657374206163746976652064726f7567687420616d6f6e6720616c6c2033302063757272656e74204d616a6f72204c6561677565207465616d732e5b325d0d0a0d0a546865206e616d652022496e6469616e7322206f726967696e617465642066726f6d2061207265717565737420627920636c7562206f776e657220436861726c657320536f6d65727320746f206261736562616c6c207772697465727320746f2063686f6f73652061206e6577206e616d6520746f207265706c6163652022436c6576656c616e64204e6170732220666f6c6c6f77696e672074686520646570617274757265206f66204e6170204c616a6f696520616674657220746865203139313420736561736f6e2e20546865206e616d65207265666572656e63656420746865206e69636b6e616d652022496e6469616e7322207468617420776173206170706c69656420746f2074686520436c6576656c616e642053706964657273206261736562616c6c20636c756220647572696e67207468652074696d65207768656e204c6f75697320536f636b616c657869732c2061204e617469766520416d65726963616e2c20706c6179656420696e20436c6576656c616e642e5b335d20436f6d6d6f6e206e69636b6e616d657320666f722074686520496e6469616e7320696e636c75646520746865202254726962652220616e642074686520225761686f6f73222c20746865206c6174746572206265696e672061207265666572656e636520746f20746865697220666f726d6572206c6f676f2c204368696566205761686f6f2e20546865207465616d2773206d6173636f74206973206e616d65642022536c696465722e22, '11686c7b5d327346ca9bffacaf24b6d1.png', 1, '2019-08-30 01:07:23', NULL, '1'),
(22, 5, 'Detroit Tigers', 0x54686520446574726f6974205469676572732061726520616e20416d65726963616e2070726f66657373696f6e616c206261736562616c6c207465616d20626173656420696e20446574726f69742c204d6963686967616e2e205468652054696765727320636f6d7065746520696e204d616a6f72204c6561677565204261736562616c6c20284d4c42292061732061206d656d626572206f662074686520416d65726963616e204c65616775652028414c292043656e7472616c206469766973696f6e2e204f6e65206f662074686520414c27732065696768742063686172746572206672616e6368697365732c2074686520636c75622077617320666f756e64656420696e20446574726f69742061732061206d656d626572206f6620746865206d696e6f72206c6561677565205765737465726e204c656167756520696e203138393420616e6420697320746865206f6e6c79205765737465726e204c6561677565207465616d207374696c6c20696e20697473206f726967696e616c20636974792e20546865792061726520616c736f20746865206f6c6465737420636f6e74696e756f7573206f6e65206e616d652c206f6e652063697479206672616e636869736520696e2074686520414c2e5b355d2054686520546967657273206861766520776f6e20666f757220576f726c6420536572696573206368616d70696f6e73686970732028313933352c20313934352c20313936382c20616e642031393834292c20313120414c2070656e6e616e74732028313930372c20313930382c20313930392c20313933342c20313933352c20313934302c20313934352c20313936382c20313938342c20323030362c2032303132292c20616e6420666f757220414c2043656e7472616c206469766973696f6e206368616d70696f6e73686970732028323031312c20323031322c20323031332c20616e642032303134292e205468652054696765727320616c736f20776f6e206469766973696f6e207469746c657320696e20313937322c20313938342c20616e6420313938372061732061206d656d626572206f662074686520414c20456173742e20546865207465616d2063757272656e746c7920706c6179732069747320686f6d652067616d657320617420436f6d6572696361205061726b20696e20446f776e746f776e20446574726f69742e, '43ea580dd3ef2181f9f796a51003756b.png', 1, '2019-08-30 01:07:49', NULL, '1'),
(23, 5, 'Kansas City Royals', 0x546865204b616e736173204369747920526f79616c732061726520616e20416d65726963616e2070726f66657373696f6e616c206261736562616c6c207465616d20626173656420696e204b616e73617320436974792c204d6973736f7572692e2054686520526f79616c7320636f6d7065746520696e204d616a6f72204c6561677565204261736562616c6c20284d4c42292061732061206d656d626572207465616d206f662074686520416d65726963616e204c65616775652028414c292043656e7472616c206469766973696f6e2e20546865207465616d2077617320666f756e64656420617320616e20657870616e73696f6e206672616e636869736520696e20313936392c20616e64206861732070617274696369706174656420696e20666f757220576f726c64205365726965732c2077696e6e696e6720696e203139383520616e6420323031352c20616e64206c6f73696e6720696e203139383020616e6420323031342e0d0a0d0a546865206e616d6520526f79616c73207061797320686f6d61676520746f2074686520416d65726963616e20526f79616c2c2061206c69766573746f636b2073686f772c20686f7273652073686f772c20726f64656f2c20616e64206368616d70696f6e7368697020626172626571756520636f6d7065746974696f6e2068656c6420616e6e75616c6c7920696e204b616e73617320436974792073696e636520313839395b335d2061732077656c6c20617320746865206964656e746963616c206e616d6573206f662074776f20666f726d6572206e6567726f206c6561677565206261736562616c6c207465616d73207468617420706c6179656420696e207468652066697273742068616c66206f662074686520323074682063656e7475727920286f6e6520612073656d692d70726f207465616d20626173656420696e204b616e736173204369747920696e2074686520313931307320616e64203139323073207468617420746f7572656420746865204d6964776573745b345d20616e6420612043616c69666f726e69612057696e746572204c6561677565207465616d20626173656420696e204c6f7320416e67656c657320696e20746865203139343073207468617420776173206d616e6167656420627920436865742042726577657220616e6420696e636c75646564205361746368656c2050616967655b355d5b365d20616e64204a61636b696520526f62696e736f6e5b375d206f6e2069747320726f73746572292e5b385d20546865204c6f7320416e67656c6573207465616d2068616420706572736f6e6e656c20636f6e6e656374696f6e7320746f20746865204d6f6e61726368732062757420636f756c64206e6f742075736520746865204d6f6e6172636873206e616d652e20546865206e616d6520616c736f206669747320696e746f20736f6d657468696e67206f662061207468656d6520666f72206f746865722070726f66657373696f6e616c2073706f727473206672616e63686973657320696e2074686520636974792c20696e636c7564696e6720746865204b616e736173204369747920436869656673206f6620746865204e464c2c2074686520666f726d6572204b616e7361732043697479204b696e6773206f6620746865204e42412c20616e642074686520666f726d6572204b616e7361732043697479204d6f6e6172636873206f6620746865204e6567726f204e6174696f6e616c204c65616775652e, '0ce6112e7183ee11e529ef799721aa4c.png', 1, '2019-08-30 01:08:22', NULL, '1');
INSERT INTO `teams_master` (`team_id`, `related_sport_id`, `team_title`, `team_description`, `team_logo`, `created_by`, `created_on`, `last_modified_on`, `team_status`) VALUES
(24, 5, 'Minnesota Twins', 0x546865204d696e6e65736f7461205477696e732061726520616e20416d65726963616e2070726f66657373696f6e616c206261736562616c6c207465616d20626173656420696e204d696e6e6561706f6c69732c204d696e6e65736f74612e20546865207465616d20636f6d706574657320696e207468652043656e7472616c206469766973696f6e206f662074686520416d65726963616e204c65616775652028414c292c20616e64206973206e616d656420616674657220746865205477696e20436974696573206172656120636f6d70726973696e67204d696e6e6561706f6c697320616e642053742e205061756c2e0d0a0d0a546865206672616e63686973652077617320666f756e64656420696e2057617368696e67746f6e2c20442e432e20696e2031393031206173207468652057617368696e67746f6e2053656e61746f72732e20546865207465616d2072656c6f636174656420746f204d696e6e65736f746120616e64207761732072656e616d656420746865205477696e7320617420746865207374617274206f6620746865203139363120736561736f6e2e20546865205477696e7320706c6179656420696e204d6574726f706f6c6974616e205374616469756d2066726f6d203139363120746f203139383120616e64207468652048756265727420482e2048756d7068726579204d6574726f646f6d652066726f6d203139383220746f20323030392e20546865207465616d20706c617965642069747320696e6175677572616c2067616d6520617420546172676574204669656c64206f6e20417072696c2031322c20323031302e5b385d20546865206672616e636869736520776f6e2074686520576f726c642053657269657320696e2031393234206173207468652053656e61746f72732c5b395d20616e6420696e203139383720616e64203139393120617320746865205477696e732e, '3444c6f0340bf250cead09a00e174a24.png', 1, '2019-08-30 01:09:05', NULL, '1');

-- --------------------------------------------------------

--
-- Table structure for table `transaction_purpose`
--

CREATE TABLE `transaction_purpose` (
  `transaction_purpose_id` int(11) NOT NULL,
  `transaction_purpose_title` varchar(255) DEFAULT NULL,
  `status` enum('1','2') NOT NULL DEFAULT '1',
  `created_date` datetime NOT NULL DEFAULT CURRENT_TIMESTAMP
) ENGINE=InnoDB DEFAULT CHARSET=latin1;

--
-- Dumping data for table `transaction_purpose`
--

INSERT INTO `transaction_purpose` (`transaction_purpose_id`, `transaction_purpose_title`, `status`, `created_date`) VALUES
(1, 'Signup Point', '1', '2019-09-15 19:05:17');

-- --------------------------------------------------------

--
-- Table structure for table `user_master`
--

CREATE TABLE `user_master` (
  `user_id` int(11) NOT NULL,
  `user_type_id` int(11) DEFAULT NULL,
  `user_unique_id` varchar(255) DEFAULT NULL,
  `user_email` varchar(255) DEFAULT NULL,
  `email_verification_link` blob,
  `is_email_verified` enum('1','2') DEFAULT '2',
  `user_password` varchar(255) DEFAULT NULL,
  `full_name` varchar(255) DEFAULT NULL,
  `profile_image` varchar(255) DEFAULT NULL,
  `last_modified_on` datetime DEFAULT NULL,
  `registration_date` datetime DEFAULT CURRENT_TIMESTAMP,
  `last_login` datetime DEFAULT NULL,
  `user_session_id` varchar(255) DEFAULT NULL,
  `current_status` enum('1','2','3','4') DEFAULT '1' COMMENT '1=active,2=inactive,3=blocked,4=email not verified'
) ENGINE=InnoDB DEFAULT CHARSET=latin1;

--
-- Dumping data for table `user_master`
--

INSERT INTO `user_master` (`user_id`, `user_type_id`, `user_unique_id`, `user_email`, `email_verification_link`, `is_email_verified`, `user_password`, `full_name`, `profile_image`, `last_modified_on`, `registration_date`, `last_login`, `user_session_id`, `current_status`) VALUES
(1, 1, 'e10adc3949ba59abbe56e057f20f883e', 'debasishpul2014@gmail.com', NULL, '1', '96e79218965eb72c92a549dd5a330112', 'Debasish Paul', 'eb33f9b8281e8f779af6f50ffd0e6f87.png', '2019-08-29 10:31:14', '2019-08-29 00:13:20', '2019-09-16 09:45:06', '69f35caf1b2caa5f4f22856d1a2cb3dec3614206a443012045cfd75d2600af2d', '1'),
(18, 2, 'b54eaf2cf3f980003c404fb84fe4feaf8deb8d1dd92840f975b6931ab3a3c61e', 'aninditadas1220@gmail.com', NULL, '1', '96e79218965eb72c92a549dd5a330112', 'Ani', '', '2019-09-13 11:47:31', '2019-09-10 00:27:00', '2019-09-15 07:19:43', '73547ee674ec1f502576daaa2f08ab10e113bb92c69391dd39e2488f9f588382', '1'),
(19, 2, 'f4f1725ef3675b99310185730efc1ced3e9e39fed3b8369ed940f52cf300cf88', 'debasishpaul2014@gmail.com', NULL, '1', 'e10adc3949ba59abbe56e057f20f883e', 'Debasish Paul', '', '2019-09-13 11:47:56', '2019-09-10 00:43:54', '2019-09-10 09:41:12', '44c9c795f6a46a30d8518aad7be21dc5361440528766bbaaaa1901845cf4152b', '1'),
(20, 1, 'c9c05d91d82042d7040571a346dde8619425be43ba92c2b4454ca7bf602efad8', 'baban1989debasish@gmail.com', NULL, '1', '96e79218965eb72c92a549dd5a330112', 'Deb', '', '2019-09-13 11:44:13', '2019-09-11 00:36:11', NULL, NULL, '1'),
(21, 2, '5bc648e79f32540472d0cbb9f423006b488c1e0332065eb80e1129139a67d6e0', 'priti.das2009@gmail.com', 0x3562633634386537396633323534303437326430636262396634323330303662356263363438653739663332353430343732643063626239663432333030366234383863316530333332303635656238306531313239313339613637643665303562633634386537396633323534303437326430636262396634323330303662, '2', 'e10adc3949ba59abbe56e057f20f883e', 'Sr. John Park', NULL, NULL, '2019-09-15 19:06:51', '2019-09-16 12:17:44', '12e384ec1b5faafae40aa069d077d9551c66f4627f1b9679f8db47d1287d7e98', '1');

-- --------------------------------------------------------

--
-- Table structure for table `user_type_master`
--

CREATE TABLE `user_type_master` (
  `user_type_id` int(11) NOT NULL,
  `user_type_title` varchar(255) DEFAULT NULL,
  `user_type_status` enum('1','2','3') DEFAULT '1' COMMENT '1=active,2=inactive,3=removed'
) ENGINE=InnoDB DEFAULT CHARSET=latin1;

--
-- Dumping data for table `user_type_master`
--

INSERT INTO `user_type_master` (`user_type_id`, `user_type_title`, `user_type_status`) VALUES
(1, 'Commissioner', '1'),
(2, 'Player', '1');

--
-- Indexes for dumped tables
--

--
-- Indexes for table `admin_config`
--
ALTER TABLE `admin_config`
  ADD PRIMARY KEY (`admin_id`);

--
-- Indexes for table `leagues_master`
--
ALTER TABLE `leagues_master`
  ADD PRIMARY KEY (`league_id`);

--
-- Indexes for table `league_team_relation`
--
ALTER TABLE `league_team_relation`
  ADD PRIMARY KEY (`league_team_relation_id`);

--
-- Indexes for table `mega_pool_league_relation`
--
ALTER TABLE `mega_pool_league_relation`
  ADD PRIMARY KEY (`relation_id`);

--
-- Indexes for table `mega_pool_master`
--
ALTER TABLE `mega_pool_master`
  ADD PRIMARY KEY (`mega_pool_id`);

--
-- Indexes for table `player_wallet`
--
ALTER TABLE `player_wallet`
  ADD PRIMARY KEY (`player_wallet_id`);

--
-- Indexes for table `player_wallet_transaction_history`
--
ALTER TABLE `player_wallet_transaction_history`
  ADD PRIMARY KEY (`history_id`);

--
-- Indexes for table `sports_master`
--
ALTER TABLE `sports_master`
  ADD PRIMARY KEY (`sport_id`);

--
-- Indexes for table `teams_master`
--
ALTER TABLE `teams_master`
  ADD PRIMARY KEY (`team_id`);

--
-- Indexes for table `transaction_purpose`
--
ALTER TABLE `transaction_purpose`
  ADD PRIMARY KEY (`transaction_purpose_id`);

--
-- Indexes for table `user_master`
--
ALTER TABLE `user_master`
  ADD PRIMARY KEY (`user_id`);

--
-- Indexes for table `user_type_master`
--
ALTER TABLE `user_type_master`
  ADD PRIMARY KEY (`user_type_id`);

--
-- AUTO_INCREMENT for dumped tables
--

--
-- AUTO_INCREMENT for table `admin_config`
--
ALTER TABLE `admin_config`
  MODIFY `admin_id` int(11) NOT NULL AUTO_INCREMENT, AUTO_INCREMENT=3;
--
-- AUTO_INCREMENT for table `leagues_master`
--
ALTER TABLE `leagues_master`
  MODIFY `league_id` int(11) NOT NULL AUTO_INCREMENT, AUTO_INCREMENT=28;
--
-- AUTO_INCREMENT for table `league_team_relation`
--
ALTER TABLE `league_team_relation`
  MODIFY `league_team_relation_id` int(11) NOT NULL AUTO_INCREMENT, AUTO_INCREMENT=10;
--
-- AUTO_INCREMENT for table `mega_pool_league_relation`
--
ALTER TABLE `mega_pool_league_relation`
  MODIFY `relation_id` int(11) NOT NULL AUTO_INCREMENT, AUTO_INCREMENT=95;
--
-- AUTO_INCREMENT for table `mega_pool_master`
--
ALTER TABLE `mega_pool_master`
  MODIFY `mega_pool_id` int(11) NOT NULL AUTO_INCREMENT, AUTO_INCREMENT=5;
--
-- AUTO_INCREMENT for table `player_wallet`
--
ALTER TABLE `player_wallet`
  MODIFY `player_wallet_id` int(11) NOT NULL AUTO_INCREMENT, AUTO_INCREMENT=3;
--
-- AUTO_INCREMENT for table `player_wallet_transaction_history`
--
ALTER TABLE `player_wallet_transaction_history`
  MODIFY `history_id` int(11) NOT NULL AUTO_INCREMENT, AUTO_INCREMENT=2;
--
-- AUTO_INCREMENT for table `sports_master`
--
ALTER TABLE `sports_master`
  MODIFY `sport_id` int(11) NOT NULL AUTO_INCREMENT, AUTO_INCREMENT=14;
--
-- AUTO_INCREMENT for table `teams_master`
--
ALTER TABLE `teams_master`
  MODIFY `team_id` int(11) NOT NULL AUTO_INCREMENT, AUTO_INCREMENT=25;
--
-- AUTO_INCREMENT for table `transaction_purpose`
--
ALTER TABLE `transaction_purpose`
  MODIFY `transaction_purpose_id` int(11) NOT NULL AUTO_INCREMENT, AUTO_INCREMENT=2;
--
-- AUTO_INCREMENT for table `user_master`
--
ALTER TABLE `user_master`
  MODIFY `user_id` int(11) NOT NULL AUTO_INCREMENT, AUTO_INCREMENT=22;
--
-- AUTO_INCREMENT for table `user_type_master`
--
ALTER TABLE `user_type_master`
  MODIFY `user_type_id` int(11) NOT NULL AUTO_INCREMENT, AUTO_INCREMENT=3;
/*!40101 SET CHARACTER_SET_CLIENT=@OLD_CHARACTER_SET_CLIENT */;
/*!40101 SET CHARACTER_SET_RESULTS=@OLD_CHARACTER_SET_RESULTS */;
/*!40101 SET COLLATION_CONNECTION=@OLD_COLLATION_CONNECTION */;
